,Date,close30d,earnings30d,comp130d,comp230d,s&p30d
0,9/15/2014,24.34666693,0.148,0.000536333,0.000773667,0.005064333
1,9/16/2014,24.38500027,0.148,0.001051,0.001474,0.005059
2,9/17/2014,24.4286669,0.148,0.000864667,0.001625,0.005053333
3,9/18/2014,24.48033353,0.148,0.001378667,0.002756667,0.005045667
4,9/19/2014,24.53666687,0.148,0.002065333,0.003107333,0.005037
5,9/22/2014,24.61933353,0.148,0.002380333,0.003334,0.005028667
6,9/23/2014,24.6823335,0.148,0.001892333,0.00276,0.005023667
7,9/24/2014,24.7373335,0.148,0.001462333,0.002223333,0.00502
8,9/25/2014,24.8013335,0.148,0.001555,0.002322333,0.005014667
9,9/26/2014,24.8496668,0.148,0.000954333,0.001409333,0.005013333
10,9/29/2014,24.90833347,0.148,0.000992667,0.002254,0.005011333
11,9/30/2014,24.96500017,0.148,0.000989333,0.002227333,0.005009667
12,10/1/2014,25.01100013,0.148,0.000786667,0.001816333,0.00501
13,10/2/2014,25.00466677,0.148,0.000281667,0.001271333,0.005013667
14,10/3/2014,24.9843334,0.148,0.000379333,0.000871,0.005017333
15,10/6/2014,24.96566677,0.148,0.000545,0.001301333,0.00502
16,10/7/2014,24.95366673,0.148,0.000571667,0.001572667,0.005022333
17,10/8/2014,24.9446667,0.148,-0.000214333,0.000490667,0.005028
18,10/9/2014,24.94366673,0.148,0.000412667,0.001233,0.005031333
19,10/10/2014,24.91300007,0.148,-0.000104,0.000483667,0.005038
20,10/13/2014,24.8633334,0.148,-0.000294,0.000290333,0.005046333
21,10/14/2014,24.819,0.148,-0.000773,-0.000166333,0.005058333
22,10/15/2014,24.78766663,0.148,-0.001767333,-0.000350667,0.00507
23,10/16/2014,24.74533327,0.148,-0.002424,-0.000739,0.005082333
24,10/17/2014,24.70866657,0.148,-0.002242,-0.000772333,0.005095
25,10/20/2014,24.6756666,0.148,-0.001905667,-0.000616667,0.005106333
26,10/21/2014,24.67133323,0.148,-0.001453667,-0.000366667,0.005115
27,10/22/2014,24.67566653,0.148,-0.000333,0.000839667,0.005119333
28,10/23/2014,24.69833313,0.148,-0.000813333,-0.00093,0.005125667
29,10/24/2014,24.73699977,0.148,-0.000573,-0.000316,0.005130333
30,10/27/2014,24.79066647,0.148,-0.000248667,8.97E-05,0.005132667
31,10/28/2014,24.86999983,0.148,-0.000331667,-0.000150667,0.005135
32,10/29/2014,24.95466653,0.148,-0.000263667,-1.90E-05,0.005136667
33,10/30/2014,25.03633323,0.148,-0.00014,-0.000754,0.005139
34,10/31/2014,25.10699993,0.148,-0.000418,-0.001296667,0.005141333
35,11/3/2014,25.1606666,0.148,-9.27E-05,-0.000651333,0.005140667
36,11/4/2014,25.24399993,0.148,0.000369667,-0.000601333,0.005138667
37,11/5/2014,25.32499993,0.148,0.000809667,3.73E-05,0.005136
38,11/6/2014,25.4099999,0.148,0.000953,0.000110667,0.005133667
39,11/7/2014,25.50833327,0.148,0.001743,0.001179667,0.005128
40,11/10/2014,25.62099993,0.148,0.001308,0.000661,0.005123667
41,11/11/2014,25.75666657,0.148,0.001418,0.001084,0.005118333
42,11/12/2014,25.90866663,0.148,0.001148667,0.001134,0.005112333
43,11/13/2014,26.06900003,0.148,0.001518667,0.001394,0.005104
44,11/14/2014,26.21600003,0.148,0.001334333,0.000925333,0.005096
45,11/17/2014,26.35666667,0.148,0.000857,0.00019,0.005089667
46,11/18/2014,26.4943333,0.148,0.000956667,0.000272,0.005083
47,11/19/2014,26.631,0.148,0.00146,0.000882,0.005072667
48,11/20/2014,26.7616667,0.148,0.000818,-0.000123667,0.005065333
49,11/21/2014,26.91800007,0.148,0.001553,0.000443,0.005054333
50,11/24/2014,27.0836667,0.148,0.002072,0.000874,0.005040667
51,11/25/2014,27.23400003,0.148,0.002541667,0.001791333,0.005023333
52,11/26/2014,27.36100003,0.148,0.003315,0.001479667,0.005006667
53,11/28/2014,27.50366667,0.148,0.004232333,0.001609667,0.004988667
54,12/1/2014,27.65066667,0.148,0.00416,0.002040667,0.004970667
55,12/2/2014,27.78733327,0.148,0.003368667,0.001547667,0.004955667
56,12/3/2014,27.93199993,0.148,0.003281,0.001496,0.004941667
57,12/4/2014,28.0596666,0.148,0.002525,0.000486333,0.004930333
58,12/5/2014,28.1853333,0.148,0.002779,0.002116333,0.004918
59,12/8/2014,28.3,0.148,0.002817333,0.001579,0.004907333
60,12/9/2014,28.4133333,0.148,0.002265333,0.001383,0.004899
61,12/10/2014,28.51299993,0.148,0.002230333,0.001293,0.004890333
62,12/11/2014,28.60633327,0.148,0.001578333,3.83E-05,0.004886333
63,12/12/2014,28.69033327,0.148,0.001431667,0.000164,0.004881333
64,12/15/2014,28.7639999,0.148,0.000799667,-0.000516,0.00488
65,12/16/2014,28.81766653,0.148,8.27E-05,-0.001328,0.004881667
66,12/17/2014,28.85433323,0.148,-0.000356333,-0.001751333,0.004884667
67,12/18/2014,28.91733323,0.148,0.000351333,-0.000883333,0.004884333
68,12/19/2014,28.99333327,0.148,0.001068667,0.000172667,0.004881
69,12/22/2014,29.07399993,0.148,0.000278667,-0.000228667,0.004878333
70,12/23/2014,29.1306666,0.148,0.000733667,-0.000109333,0.004875
71,12/24/2014,29.1716666,0.148,0.001043667,-6.67E-06,0.004872
72,12/26/2014,29.20499993,0.148,0.001120333,-0.000136667,0.004869
73,12/29/2014,29.2539999,0.148,0.001107,0.000211667,0.004865667
74,12/30/2014,29.30299987,0.148,0.001459667,0.000561667,0.004862
75,12/31/2014,29.33466657,0.148,0.001309667,0.000760333,0.004859333
76,1/2/2015,29.35533327,0.148,0.000893333,0.000210333,0.004858667
77,1/5/2015,29.3729999,0.147333333,0.000926667,0.000277,0.004859
78,1/6/2015,29.3833332,0.146666667,-4.30E-05,-0.000169667,0.004862
79,1/7/2015,29.3703332,0.146,-0.000814667,-0.000839667,0.004866667
80,1/8/2015,29.37133323,0.145333333,-0.000822,-0.000410667,0.00487
81,1/9/2015,29.40499993,0.144666667,-0.000263667,-0.000314333,0.004871333
82,1/12/2015,29.43966663,0.144,-0.000673667,-0.000939667,0.004873667
83,1/13/2015,29.46400003,0.143333333,-0.001321,-0.000906333,0.004877333
84,1/14/2015,29.48733333,0.142666667,-0.001570333,-0.001510667,0.004881333
85,1/15/2015,29.49633337,0.142,-0.001553667,-0.002060667,0.004885333
86,1/16/2015,29.47866673,0.141333333,-0.002144667,-0.002699,0.004891667
87,1/20/2015,29.4783334,0.140666667,-0.001644667,-0.002543667,0.004896667
88,1/21/2015,29.47666673,0.14,-0.001479667,-0.002042667,0.004901
89,1/22/2015,29.4743334,0.139333333,-0.001739667,-0.002002667,0.004904667
90,1/23/2015,29.45900003,0.138666667,-0.000514667,-0.003979,0.004905
91,1/26/2015,29.50733333,0.138,-0.000868,-0.004265667,0.004906333
92,1/27/2015,29.56333333,0.137333333,-0.000321,-0.003411667,0.004904667
93,1/28/2015,29.62333333,0.136666667,-0.000805333,-0.004017333,0.004905667
94,1/29/2015,29.69833333,0.136,-0.000868667,-0.003694,0.004906333
95,1/30/2015,29.78500003,0.135333333,-0.000168667,-0.003500667,0.004904333
96,2/2/2015,29.8656667,0.134666667,-0.000435333,-0.003340667,0.004903
97,2/3/2015,29.94100003,0.134,-0.000508333,-0.003874,0.004902667
98,2/4/2015,29.987,0.133333333,-0.000984333,-0.004618333,0.004904
99,2/5/2015,30.02866667,0.132666667,-0.000787667,-0.004428667,0.004906
100,2/6/2015,30.10033333,0.132,-0.000703667,-0.004286,0.004907
101,2/9/2015,30.17166663,0.131333333,-0.000522667,-0.003936333,0.004908667
102,2/10/2015,30.248,0.130666667,-0.000592667,-0.003741,0.004911333
103,2/11/2015,30.33500003,0.13,-0.000334667,-0.003868667,0.004912667
104,2/12/2015,30.43800003,0.129333333,-0.001004,-0.003975333,0.004914
105,2/13/2015,30.5583334,0.128666667,-0.000237,-0.003510667,0.004913
106,2/17/2015,30.66000003,0.128,0.000408667,-0.002836,0.004909667
107,2/18/2015,30.74133337,0.128,0.000506,-0.003316,0.004906
108,2/19/2015,30.83000003,0.128,0.000906,-0.002374667,0.004899333
109,2/20/2015,30.931,0.128,0.001627,-0.001372,0.004891333
110,2/23/2015,31.04399997,0.128,0.001593667,-0.001371333,0.004884333
111,2/24/2015,31.13199993,0.128,0.001019667,-0.001858667,0.00488
112,2/25/2015,31.2206666,0.128,0.001729667,-0.001254,0.004874
113,2/26/2015,31.3126666,0.128,0.002106333,-0.000894333,0.004867333
114,2/27/2015,31.404,0.128,0.002123,-0.000516667,0.00486
115,3/2/2015,31.49733337,0.128,0.002293,3.33E-05,0.004852333
116,3/3/2015,31.612,0.128,0.003098667,0.000196667,0.004842333
117,3/4/2015,31.71699997,0.128,0.002434,-1.20E-05,0.004835
118,3/5/2015,31.80999993,0.128,0.001821667,-0.000756333,0.004828667
119,3/6/2015,31.90266657,0.128,0.001769667,-0.000856333,0.004823
120,3/9/2015,31.9743333,0.128,0.000548,0.000960333,0.004822
121,3/10/2015,32.008,0.128,0.000913667,0.001447,0.004819333
122,3/11/2015,32.00033333,0.128,-0.000126667,0.000676333,0.004819667
123,3/12/2015,32.00799997,0.128,0.000509667,0.001291667,0.004818333
124,3/13/2015,32.02933327,0.128,0.002193,0.002881333,0.004812667
125,3/16/2015,32.04899993,0.128,0.001659667,0.002701333,0.004809667
126,3/17/2015,32.08533327,0.128,0.002424667,0.003071333,0.004802333
127,3/18/2015,32.12099993,0.128,0.001961,0.002171333,0.004797667
128,3/19/2015,32.1473333,0.128,0.001712,0.001555333,0.004793333
129,3/20/2015,32.1846666,0.128,0.001582,0.001121333,0.004789
130,3/23/2015,32.19299993,0.128,0.00148,0.001153333,0.004785667
131,3/24/2015,32.181,0.128,0.000859,0.000251333,0.004782333
132,3/25/2015,32.15599993,0.128,0.000749,-0.000467333,0.004779
133,3/26/2015,32.0829999,0.128,4.10E-05,-0.000864667,0.004779667
134,3/27/2015,31.98499997,0.128,0.000427667,-0.000918,0.004781
135,3/30/2015,31.86666657,0.128,-0.000399333,-0.001581333,0.004783333
136,3/31/2015,31.78299997,0.128,-0.000284667,-0.001709667,0.004784333
137,4/1/2015,31.73066663,0.128,-0.000535333,-0.001419667,0.004787
138,4/2/2015,31.68066663,0.128,-0.000305333,-0.000860333,0.004790333
139,4/6/2015,31.63833337,0.128,-6.40E-05,-0.00075,0.004793
140,4/7/2015,31.5466667,0.128,-0.000405667,-0.001477333,0.004795667
141,4/8/2015,31.4513334,0.128,-0.000606333,-0.001883667,0.004798667
142,4/9/2015,31.37166667,0.128,-0.000783,-0.00178,0.004801667
143,4/10/2015,31.29999993,0.128,-0.000642333,-0.002006333,0.004803667
144,4/13/2015,31.2379999,0.128,-0.000452333,-0.001775667,0.004804667
145,4/14/2015,31.19433317,0.128,-7.00E-05,-0.001669,0.004805667
146,4/15/2015,31.1463332,0.128,-0.000775667,-0.000959,0.004807333
147,4/16/2015,31.09766657,0.128,-0.000334333,-0.000492333,0.004807667
148,4/17/2015,31.06033327,0.128,4.57E-05,0.00013,0.004807333
149,4/20/2015,31.0123333,0.128,-0.000429667,5.67E-05,0.004809333
150,4/21/2015,31.00233327,0.128,-8.50E-05,0.000401333,0.004807667
151,4/22/2015,30.9763333,0.128,-0.000184,0.000214667,0.004806667
152,4/23/2015,30.97433333,0.128,0.000895333,0.000144667,0.004802333
153,4/24/2015,30.95466667,0.128,0.000755,0.000541667,0.004797333
154,4/27/2015,30.91900003,0.128,-0.000515,-0.000788,0.004793667
155,4/28/2015,30.87900007,0.128,-0.000200333,-0.000339667,0.004789667
156,4/29/2015,30.83600003,0.128,-0.000168667,-0.000276333,0.004787667
157,4/30/2015,30.78633337,0.128,-0.000246333,-0.000293,0.004785667
158,5/1/2015,30.7606667,0.128,-0.000618,-0.000509,0.004787333
159,5/4/2015,30.7323334,0.128,-0.000170333,0.000465,0.004786667
160,5/5/2015,30.71433337,0.128,-0.000144667,4.00E-06,0.004786
161,5/6/2015,30.7196667,0.128,-1.47E-05,-0.000102667,0.004787
162,5/7/2015,30.73433337,0.128,-0.000238,0.000384,0.004787667
163,5/8/2015,30.7920001,0.128,0.000182,0.000497333,0.004785333
164,5/11/2015,30.87833343,0.128,0.000959333,0.001330333,0.004780667
165,5/12/2015,30.97266677,0.128,0.000872667,0.001695333,0.004777
166,5/13/2015,31.06700003,0.128,0.000449,0.001269,0.004775667
167,5/14/2015,31.1520001,0.128,0.000753667,0.001995333,0.004773
168,5/15/2015,31.23066677,0.128,0.001300667,0.001584,0.004768
169,5/18/2015,31.2706667,0.128,0.000725,0.000791,0.004763667
170,5/19/2015,31.33733337,0.128,0.001039667,0.001189,0.004759667
171,5/20/2015,31.41400007,0.128,0.001465,0.001724,0.004755333
172,5/21/2015,31.5033335,0.128,0.001288333,0.001465667,0.004751667
173,5/22/2015,31.58100023,0.128,0.001131,0.001282333,0.004748
174,5/26/2015,31.6446669,0.128,0.001044333,0.000947333,0.004746
175,5/27/2015,31.69400023,0.128,0.000675333,0.000524,0.004745
176,5/28/2015,31.75866687,0.128,0.001164333,0.000593333,0.004742667
177,5/29/2015,31.8203335,0.128,0.000866333,0.000106667,0.004741333
178,6/1/2015,31.8710002,0.128,0.000719667,-0.000592333,0.004741
179,6/2/2015,31.9340002,0.128,0.001230667,-0.000373667,0.004738333
180,6/3/2015,31.9923336,0.128,0.001122667,-0.000565,0.004737
181,6/4/2015,32.05833357,0.128,0.001605667,-0.000218,0.004735333
182,6/5/2015,32.11533353,0.128,0.000916333,0.000205333,0.004735667
183,6/8/2015,32.17666687,0.128,0.001079333,-0.000163333,0.004736667
184,6/9/2015,32.23766693,0.128,0.000886,-0.000373333,0.004739333
185,6/10/2015,32.3123336,0.128,0.001066,-0.00051,0.004741333
186,6/11/2015,32.40033357,0.128,0.001099,-4.50E-05,0.004741667
187,6/12/2015,32.48300027,0.128,0.001098,0.000568333,0.004740667
188,6/15/2015,32.5486669,0.128,0.001214667,0.000835,0.004739333
189,6/16/2015,32.59700027,0.128,0.001097,-0.000565667,0.004740333
190,6/17/2015,32.62333363,0.128,0.000911333,-0.000661333,0.004741333
191,6/18/2015,32.6503336,0.128,0.000888,-0.000215333,0.00474
192,6/19/2015,32.67466693,0.128,0.001677,0.000286667,0.004736333
193,6/22/2015,32.6836668,0.128,0.001367,0.00053,0.004734667
194,6/23/2015,32.6740001,0.128,0.001115333,0.000112667,0.004734333
195,6/24/2015,32.67733353,0.128,0.001425333,8.97E-05,0.004733333
196,6/25/2015,32.6653335,0.128,0.001248667,0.000286333,0.004733
197,6/26/2015,32.66233347,0.128,0.000957333,-0.00034,0.004733333
198,6/29/2015,32.66000017,0.128,0.000851,-0.000641,0.004735
199,6/30/2015,32.6740002,0.128,0.000361,-0.001187667,0.004740333
200,7/1/2015,32.71033353,0.128,0.00033,-0.001187,0.004746
201,7/2/2015,32.7523335,0.128,0.000338333,-0.000902667,0.004750333
202,7/6/2015,32.76866673,0.128,0.000428333,-0.000802333,0.004754333
203,7/7/2015,32.7696667,0.128,0.000291667,-0.000819,0.004759667
204,7/8/2015,32.7696667,0.128,0.000185,-0.000625,0.004763333
205,7/9/2015,32.766,0.128,-0.000205,-0.001155,0.004768
206,7/10/2015,32.77066663,0.128,-0.0003,-0.001446667,0.004774
207,7/13/2015,32.78866667,0.128,-3.50E-05,-0.000886667,0.004777667
208,7/14/2015,32.8239999,0.128,0.000504,0.000168333,0.004778667
209,7/15/2015,32.86933323,0.128,0.000756,0.000322,0.004779333
210,7/16/2015,32.9189998,0.128,0.000981333,0.000299,0.00478
211,7/17/2015,32.9506665,0.128,0.000773333,0.000371,0.004779667
212,7/20/2015,33.02833323,0.128,0.00109,0.000627667,0.004778
213,7/21/2015,33.13466667,0.128,0.000874333,0.000834667,0.004775667
214,7/22/2015,33.2333333,0.128,0.001107667,0.001074667,0.004773
215,7/23/2015,33.32733327,0.128,0.001091,0.001102333,0.004770667
216,7/24/2015,33.405,0.128,0.000614667,-0.000782667,0.004771333
217,7/27/2015,33.45366663,0.128,0.000339,-0.001882667,0.004774333
218,7/28/2015,33.50366663,0.128,0.000329,-0.002296,0.004777
219,7/29/2015,33.5456666,0.128,0.000282333,-0.001746,0.004777
220,7/30/2015,33.6116666,0.128,0.000467333,-0.001480667,0.004776333
221,7/31/2015,33.6733332,0.128,0.000606667,-0.000997333,0.004776
222,8/3/2015,33.72466657,0.128,0.000137667,-0.001632667,0.004777667
223,8/4/2015,33.77266667,0.128,0.000537333,-0.002019333,0.004778667
224,8/5/2015,33.82266667,0.128,-1.83E-05,-0.002415,0.004780667
225,8/6/2015,33.87499997,0.128,-0.000105,-0.002853667,0.004782
226,8/7/2015,33.92066673,0.128,2.50E-05,-0.003293667,0.004783667
227,8/10/2015,33.9596667,0.128,0.000205,-0.002403,0.004785
228,8/11/2015,34.02366663,0.128,0.000320333,-0.001772333,0.004784667
229,8/12/2015,34.1049999,0.128,0.000700333,-0.000975667,0.004782
230,8/13/2015,34.17266653,0.128,0.000306667,-0.001157667,0.004779667
231,8/14/2015,34.23399987,0.128,9.67E-06,-0.001867,0.004778667
232,8/17/2015,34.30066653,0.128,0.000367333,-0.001351667,0.004777333
233,8/18/2015,34.39466653,0.128,0.000555667,-0.001385,0.004774333
234,8/19/2015,34.4826665,0.128,0.000779333,-0.001497667,0.004772667
235,8/20/2015,34.58099987,0.128,0.001096,-0.000342,0.004769667
236,8/21/2015,34.63966663,0.128,0.000395333,-0.000669667,0.004770333
237,8/24/2015,34.66133333,0.128,-0.001229667,-0.001789667,0.004778333
238,8/25/2015,34.6546668,0.128,-0.003302,-0.003571333,0.004795333
239,8/26/2015,34.62866687,0.128,-0.004401667,-0.004447,0.004815
240,8/27/2015,34.57966683,0.128,-0.003191,-0.003345667,0.004828
241,8/28/2015,34.51966687,0.128,-0.002313333,-0.002716,0.004838333
242,8/31/2015,34.43866687,0.128,-0.002483333,-0.002926,0.004848667
243,9/1/2015,34.3373335,0.128,-0.002676667,-0.00335,0.004860667
244,9/2/2015,34.20733343,0.128,-0.004083333,-0.004696667,0.004877
245,9/3/2015,34.0776668,0.128,-0.003757667,-0.004463333,0.00489
246,9/4/2015,33.96300007,0.128,-0.003299,-0.002919667,0.004901667
247,9/8/2015,33.8603334,0.128,-0.003775667,-0.002596333,0.004914333
248,9/9/2015,33.7823334,0.128,-0.002599667,-0.001322333,0.004921667
249,9/10/2015,33.71233343,0.128,-0.002956333,-0.001489,0.004933333
250,9/11/2015,33.63266677,0.128,-0.003045333,-0.001632667,0.004945667
251,9/14/2015,33.52366683,0.128,-0.003116667,-0.002092,0.004957
252,9/15/2015,33.41733347,0.128,-0.002861667,-0.001952,0.004968667
253,9/16/2015,33.30933347,0.128,-0.002442333,-0.001234333,0.004977667
254,9/17/2015,33.19166677,0.128,-0.002233,-0.000745667,0.004985
255,9/18/2015,33.0653334,0.128,-0.003073,-0.000639,0.004993333
256,9/21/2015,32.94633333,0.128,-0.003749667,-0.000682333,0.005004
257,9/22/2015,32.8426667,0.128,-0.003383333,-0.000989,0.005013333
258,9/23/2015,32.70800007,0.128,-0.004212667,-0.002281333,0.005027
259,9/24/2015,32.58766677,0.128,-0.003733333,-0.002138,0.005039667
260,9/25/2015,32.45000013,0.128,-0.003596667,-0.002374667,0.005052667
261,9/28/2015,32.3123335,0.128,-0.003083333,-0.001707,0.005065667
262,9/29/2015,32.17966687,0.128,-0.004061,-0.003199333,0.005083667
263,9/30/2015,32.03700023,0.128,-0.003728667,-0.002613333,0.005102667
264,10/1/2015,31.90900023,0.128,-0.003537667,-0.002080667,0.005118
265,10/2/2015,31.7896669,0.128,-0.003202667,-0.002389667,0.005131333
266,10/5/2015,31.7050002,0.128,-0.002769333,-0.001885667,0.005139
267,10/6/2015,31.69133353,0.128,-0.000745,0.000385,0.005138333
268,10/7/2015,31.67966677,0.128,0.000691667,0.001551,0.005131
269,10/8/2015,31.65100007,0.128,0.001594333,0.002666,0.00512
270,10/9/2015,31.64066683,0.128,0.000298667,0.001831333,0.005114333
271,10/12/2015,31.64266673,0.128,-0.001057333,0.000936667,0.005112667
272,10/13/2015,31.63233333,0.128,-0.000728333,0.001106667,0.005110667
273,10/14/2015,31.59466663,0.128,-0.000801667,0.000996667,0.005108333
274,10/15/2015,31.5886667,0.128,0.000431667,0.002163333,0.005102
275,10/16/2015,31.573,0.128,0.000548333,0.002342333,0.005096
276,10/19/2015,31.50500003,0.128,0.000386667,0.00227,0.005089667
277,10/20/2015,31.49633337,0.128,0.000906667,0.002356667,0.005080667
278,10/21/2015,31.4983334,0.128,0.000170333,0.001259333,0.005076
279,10/22/2015,31.50933333,0.128,0.000662,0.001670333,0.00507
280,10/23/2015,31.50066667,0.128,0.001015667,0.002178,0.005062
281,10/26/2015,31.5126667,0.128,0.001403,0.002835667,0.005053333
282,10/27/2015,31.52033337,0.128,0.001028,0.002765667,0.005044333
283,10/28/2015,31.54066667,0.128,0.000482333,0.002131333,0.005037667
284,10/29/2015,31.55966673,0.128,0.001145667,0.002558,0.005030667
285,10/30/2015,31.56466673,0.128,0.001865667,0.002384667,0.005023333
286,11/2/2015,31.57133343,0.128,0.002039,0.002548,0.005013
287,11/3/2015,31.58666673,0.128,0.002143,0.002156333,0.005001667
288,11/4/2015,31.6486667,0.128,0.002748333,0.002814333,0.004987667
289,11/5/2015,31.6826668,0.128,0.002475667,0.002896,0.004973667
290,11/6/2015,31.74200017,0.128,0.002796667,0.003465333,0.004959667
291,11/9/2015,31.84033347,0.128,0.002785,0.003454333,0.004945667
292,11/10/2015,31.8856668,0.128,0.003278333,0.004131,0.004928667
293,11/11/2015,31.8870001,0.128,0.003198667,0.003761667,0.004911
294,11/12/2015,31.8746668,0.128,0.002830667,0.003104333,0.004897333
295,11/13/2015,31.8550002,0.128,0.002395667,0.002724333,0.004886667
296,11/16/2015,31.81166687,0.128,0.002149,0.002273667,0.004880333
297,11/17/2015,31.7110002,0.128,0.001829,0.001243667,0.004874333
298,11/18/2015,31.63700023,0.128,0.001885667,0.000894333,0.004868
299,11/19/2015,31.6190002,0.128,0.002213667,0.001116,0.004860667
300,11/20/2015,31.5953335,0.128,0.002169667,0.001194667,0.004855
301,11/23/2015,31.56066687,0.128,0.002333,0.000807333,0.004848667
302,11/24/2015,31.5343335,0.128,0.002177333,0.000874,0.004842667
303,11/25/2015,31.5183335,0.128,0.002187333,0.001060667,0.004835667
304,11/27/2015,31.5183335,0.128,0.002380667,0.001406,0.004827667
305,11/30/2015,31.5193335,0.128,0.001713,0.000941,0.004822
306,12/1/2015,31.5753335,0.128,0.001419333,0.000683,0.004817667
307,12/2/2015,31.61100017,0.128,0.001991667,0.001335333,0.004812
308,12/3/2015,31.5943335,0.128,0.001285333,0.000835333,0.004808
309,12/4/2015,31.54866687,0.128,0.000727,0.000254333,0.004805
310,12/7/2015,31.5553335,0.128,0.001041,0.000372,0.004801667
311,12/8/2015,31.54400013,0.128,0.000465667,-0.000425667,0.004801
312,12/9/2015,31.54266683,0.128,0.000132333,-0.000979,0.004801
313,12/10/2015,31.50533353,0.128,6.57E-05,-0.001219,0.004802
314,12/11/2015,31.49200013,0.128,-0.000618,-0.001837333,0.004804333
315,12/14/2015,31.46033343,0.128,-0.001034667,-0.002474,0.004809667
316,12/15/2015,31.42433343,0.128,-0.000531333,-0.002180667,0.004813667
317,12/16/2015,31.38266677,0.128,0.000103,-0.001379,0.004818
318,12/17/2015,31.31900017,0.128,0.000625,-0.000776667,0.004820333
319,12/18/2015,31.2500001,0.128,0.000611667,-0.001415,0.004824667
320,12/21/2015,31.14666673,0.128,-0.000569333,-0.002624333,0.004832667
321,12/22/2015,31.00500007,0.128,-0.001028333,-0.002462333,0.004839333
322,12/23/2015,30.92800003,0.128,-0.000604333,-0.001772667,0.004842667
323,12/24/2015,30.90900003,0.128,-0.000439333,-0.001232667,0.004844667
324,12/28/2015,30.89800003,0.128,-0.000506,-0.001172667,0.004846333
325,12/29/2015,30.87733333,0.128,-0.000216,-0.000896,0.004846
326,12/30/2015,30.88300003,0.128,0.000519333,-0.000452333,0.004842
327,12/31/2015,30.88766667,0.128,-0.000148333,-0.001266333,0.004842
328,1/4/2016,30.882,0.128,-0.000285,-0.001309667,0.004843333
329,1/5/2016,30.82700003,0.127966667,-0.001605667,-0.002519667,0.004849333
330,1/6/2016,30.77566673,0.127933333,-0.001798667,-0.002958667,0.004855
331,1/7/2016,30.7273334,0.1279,-0.002345333,-0.003248667,0.004863333
332,1/8/2016,30.64633347,0.127866667,-0.003165333,-0.003805333,0.004875667
333,1/11/2016,30.56300013,0.127833333,-0.003528667,-0.004162,0.00489
334,1/12/2016,30.4686668,0.1278,-0.003135667,-0.003850333,0.004904333
335,1/13/2016,30.38700013,0.127766667,-0.002393333,-0.003500333,0.004917333
336,1/14/2016,30.24500013,0.127733333,-0.003276667,-0.004493667,0.004934333
337,1/15/2016,30.10400013,0.1277,-0.003035667,-0.00421,0.004949667
338,1/19/2016,29.9640001,0.127666667,-0.003855667,-0.00421,0.004967
339,1/20/2016,29.86200013,0.127633333,-0.003739,-0.003963333,0.004982333
340,1/21/2016,29.7150002,0.1276,-0.004879667,-0.004730333,0.005003
341,1/22/2016,29.59433353,0.127566667,-0.004632333,-0.004887,0.005021667
342,1/25/2016,29.5176668,0.127533333,-0.003317667,-0.004006667,0.005035667
343,1/26/2016,29.44666677,0.1275,-0.004071,-0.004143333,0.005051
344,1/27/2016,29.36700013,0.127466667,-0.003787,-0.0037,0.005064333
345,1/28/2016,29.3160002,0.127433333,-0.002939667,-0.002539333,0.005076667
346,1/29/2016,29.25966687,0.1274,-0.002629333,-0.005072667,0.005088667
347,2/1/2016,29.20433353,0.127366667,-0.002808,-0.005196333,0.005098
348,2/2/2016,29.1356668,0.127333333,-0.003572,-0.005650667,0.005109667
349,2/3/2016,29.0356668,0.1273,-0.004085333,-0.005760667,0.005122333
350,2/4/2016,28.93000013,0.127266667,-0.003915333,-0.004596667,0.00513
351,2/5/2016,28.8160001,0.127233333,-0.003602667,-0.004500667,0.005138667
352,2/8/2016,28.65000013,0.1272,-0.00407,-0.004950333,0.005152333
353,2/9/2016,28.44900013,0.127166667,-0.005446,-0.006270333,0.005170333
354,2/10/2016,28.26500013,0.127133333,-0.005349333,-0.005692,0.005188
355,2/11/2016,28.09300013,0.1271,-0.005462667,-0.005508667,0.005205667
356,2/12/2016,27.88666677,0.127066667,-0.006564667,-0.007609,0.005227333
357,2/16/2016,27.71800013,0.127033333,-0.004737667,-0.006307,0.005244
358,2/17/2016,27.57566677,0.127,-0.003759,-0.005059333,0.005256
359,2/18/2016,27.4533334,0.127,-0.002945667,-0.003930667,0.005263
360,2/19/2016,27.33700007,0.127,-0.003209,-0.003890667,0.005271
361,2/22/2016,27.23266673,0.127,-0.002321,-0.003410667,0.005277
362,2/23/2016,27.18566667,0.127,-0.000608667,-0.001931,0.005276333
363,2/24/2016,27.14133333,0.127,-0.000792,-0.002134333,0.005276
364,2/25/2016,27.10899997,0.127,-0.001488333,-0.002302,0.005275
365,2/26/2016,27.07166667,0.127,-0.002235333,-0.002317667,0.005273333
366,2/29/2016,27.08366667,0.127,-0.000955333,-0.001277667,0.005267667
367,3/1/2016,27.0426667,0.127,-0.002362,-0.002307,0.005266333
368,3/2/2016,27.0390001,0.127,0.000113333,-0.000818,0.005257333
369,3/3/2016,27.0463334,0.127,0.001111667,-0.000283667,0.005247667
370,3/4/2016,27.07766667,0.127,0.001482667,0.000290667,0.005235
371,3/7/2016,27.10666667,0.127,0.001613,0.000360667,0.005222667
372,3/8/2016,27.0886667,0.127,0.000885,0.000346667,0.005214
373,3/9/2016,27.06266673,0.127,0.001128333,0.000733333,0.005204333
374,3/10/2016,27.03000007,0.127,0.000532,6.33E-06,0.005196333
375,3/11/2016,27.009,0.127,0.000128,-5.67E-06,0.005186
376,3/14/2016,27.03666667,0.127,0.000959667,0.003254667,0.005174
377,3/15/2016,27.0376667,0.127,-5.97E-05,0.002181,0.005166667
378,3/16/2016,27.0113334,0.127,0.000200333,0.002032667,0.005159667
379,3/17/2016,27.03166677,0.127,0.000647,0.002858333,0.005148333
380,3/18/2016,27.09033343,0.127,0.001615,0.003048333,0.005137
381,3/21/2016,27.1620001,0.127,0.001702667,0.003100667,0.005126
382,3/22/2016,27.2806668,0.127,0.002058333,0.003024,0.005111667
383,3/23/2016,27.4183335,0.127,0.002808333,0.003684,0.005095
384,3/24/2016,27.52966683,0.127,0.002441667,0.002915667,0.005079333
385,3/28/2016,27.64433353,0.127,0.002065,0.002869,0.005063333
386,3/29/2016,27.77366683,0.127,0.002658333,0.004435667,0.005045
387,3/30/2016,27.8746668,0.127,0.000628,0.004133333,0.005029
388,3/31/2016,27.94933347,0.127,0.000389,0.003259,0.005015
389,4/1/2016,28.02900013,0.127,0.000265667,0.003134667,0.005004667
390,4/4/2016,28.11933343,0.127,0.000604333,0.003479,0.004992
391,4/5/2016,28.19266673,0.127,0.000387333,0.003242333,0.00498
392,4/6/2016,28.2226668,0.127,-0.001055,0.002684667,0.004972333
393,4/7/2016,28.2606668,0.127,8.50E-05,0.003291333,0.004960333
394,4/8/2016,28.26866677,0.127,-0.000371667,0.002498667,0.004951
395,4/11/2016,28.27666673,0.127,-0.000370333,0.00237,0.004943667
396,4/12/2016,28.27466677,0.127,-0.000620333,0.00239,0.004936
397,4/13/2016,28.31500007,0.127,0.000700667,0.003513,0.004925667
398,4/14/2016,28.36133337,0.127,0.000301333,0.003412333,0.004917667
399,4/15/2016,28.38900003,0.127,-0.000443667,0.002864667,0.004910333
400,4/18/2016,28.40166677,0.127,-0.000948,0.002113667,0.004903667
401,4/19/2016,28.4193334,0.127,-0.000768,0.002321667,0.004896667
402,4/20/2016,28.46266673,0.127,-3.17E-05,0.002603667,0.004889
403,4/21/2016,28.5616667,0.127,0.001029333,0.005625,0.004879667
404,4/22/2016,28.65300003,0.127,0.000942667,0.005511667,0.004872
405,4/25/2016,28.74266673,0.127,0.001512333,0.005385,0.004864667
406,4/26/2016,28.79666677,0.127,0.000367,0.005003,0.00486
407,4/27/2016,28.88700007,0.127,0.000764333,0.005474333,0.004855
408,4/28/2016,28.9936667,0.127,0.000704333,0.005491667,0.004849333
409,4/29/2016,29.1053333,0.127,0.000657667,0.005116,0.004846
410,5/2/2016,29.18766663,0.127,0.000246333,0.004412,0.004844667
411,5/3/2016,29.28333333,0.127,0.00011,0.003768667,0.004842
412,5/4/2016,29.35966663,0.127,-0.000365667,0.003385333,0.004840667
413,5/5/2016,29.41399993,0.127,-0.000875667,0.003305333,0.004840333
414,5/6/2016,29.46099993,0.127,-0.000458667,0.003318667,0.004839
415,5/9/2016,29.51533323,0.127,0.000159,0.003682,0.004837
416,5/10/2016,29.5679999,0.127,0.000199,0.003908667,0.004835
417,5/11/2016,29.63999987,0.127,0.000997,0.003715667,0.004832333
418,5/12/2016,29.69166657,0.127,0.000364,0.003379,0.004832
419,5/13/2016,29.7169999,0.127,0.000645333,0.002898,0.004831
420,5/16/2016,29.70733327,0.127,-6.67E-05,0.002060333,0.004832667
421,5/17/2016,29.70633333,0.127,-8.03E-05,0.002482667,0.004832333
422,5/18/2016,29.7283333,0.127,0.000149667,0.001750667,0.004831667
423,5/19/2016,29.777,0.127,0.000470667,0.002278667,0.004833
424,5/20/2016,29.84266673,0.127,0.001084,0.002812,0.004833
425,5/23/2016,29.9046667,0.127,0.001239667,0.002919667,0.004832333
426,5/24/2016,29.97,0.127,0.001233,0.002766333,0.004831333
427,5/25/2016,30.0413333,0.127,0.001051,0.002787667,0.004829667
428,5/26/2016,30.0993333,0.127,0.001052333,0.002571,0.004828667
429,5/27/2016,30.1596666,0.127,0.001248667,0.002524333,0.004827667
430,5/31/2016,30.23366657,0.127,0.001816333,0.003161,0.004826
431,6/1/2016,30.30266663,0.127,0.001322,0.003127333,0.004825667
432,6/2/2016,30.35166667,0.127,0.000796333,0.002830333,0.004825667
433,6/3/2016,30.37200003,0.127,0.000487333,0.000220333,0.004825
434,6/6/2016,30.382,0.127,0.000150667,9.70E-05,0.004824
435,6/7/2016,30.3996667,0.127,-2.97E-05,0.00051,0.004822
436,6/8/2016,30.4386667,0.127,-0.000103,0.000315,0.004819667
437,6/9/2016,30.46500007,0.127,-0.000553667,0.000227,0.004817
438,6/10/2016,30.48266677,0.127,-0.001133667,-0.000174667,0.004815
439,6/13/2016,30.4770001,0.127,-0.001337,-0.000181333,0.004813
440,6/14/2016,30.4726668,0.127,-0.001310333,-0.000404667,0.004811333
441,6/15/2016,30.31000017,0.127,-0.002473667,-0.001831667,0.004811333
442,6/16/2016,30.1573335,0.127,-0.002153667,-0.001421667,0.00481
443,6/17/2016,30.01600017,0.127,-0.001397,-0.001515,0.004807333
444,6/20/2016,29.88066683,0.127,-0.001587333,-0.001188667,0.004806
445,6/21/2016,29.7296668,0.127,-0.001392333,-0.001192,0.004804333
446,6/22/2016,29.59266683,0.127,-0.001082667,-0.001086,0.004802333
447,6/23/2016,29.4240002,0.127,-0.001620667,-0.001576,0.004802667
448,6/24/2016,29.2930002,0.127,-0.000737,-0.000594,0.004799333
449,6/27/2016,29.13366683,0.127,-0.002348333,-0.002080667,0.004802
450,6/28/2016,28.9443335,0.127,-0.002208333,-0.002247333,0.004806333
451,6/29/2016,28.77733347,0.127,-0.001421667,-0.001970333,0.004809
452,6/30/2016,28.62933347,0.127,-0.000342667,-0.000654,0.004807667
453,7/1/2016,28.46833347,0.127,-0.000808333,-0.000483,0.004804
454,7/5/2016,28.31533343,0.127,-0.000835,-0.000340667,0.004799333
455,7/6/2016,28.15666683,0.127,-0.00167,-0.001484,0.004797
456,7/7/2016,28.00600013,0.127,-0.001319333,-0.000993667,0.004793667
457,7/8/2016,27.8633335,0.127,-0.001554333,-0.001407,0.004792333
458,7/11/2016,27.7516668,0.127,-0.00173,-0.000813,0.004789667
459,7/12/2016,27.6443335,0.127,-0.001560667,-0.000183,0.004786667
460,7/13/2016,27.5363335,0.127,-0.001571,9.60E-05,0.004783
461,7/14/2016,27.43366683,0.127,-0.001541,9.00E-05,0.004779
462,7/15/2016,27.3340001,0.127,-0.001262333,0.000431,0.004774667
463,7/18/2016,27.22866677,0.127,-0.002171,0.000309667,0.004771
464,7/19/2016,27.14766683,0.127,-0.001172667,0.000523,0.004766333
465,7/20/2016,27.05500013,0.127,-0.00131,-4.20E-05,0.004763
466,7/21/2016,26.9393334,0.127,-0.000998,-0.000462,0.004759333
467,7/22/2016,26.81633337,0.127,-0.001031333,-0.000605333,0.004756333
468,7/25/2016,26.71600003,0.127,-0.000444333,2.90E-05,0.004752333
469,7/26/2016,26.62566673,0.127,-3.77E-05,0.000346,0.004747667
470,7/27/2016,26.54800007,0.127,0.000115667,0.000749333,0.004741333
471,7/28/2016,26.60433333,0.127,0.000893333,0.002176,0.004735
472,7/29/2016,26.65133333,0.127,0.001053667,0.002398667,0.004728333
473,8/1/2016,26.71399997,0.127,0.000893667,0.002708667,0.004722
474,8/2/2016,26.7853333,0.127,0.000960333,0.002282333,0.004714333
475,8/3/2016,26.84533333,0.127,0.000647667,0.001562333,0.004708667
476,8/4/2016,26.9126667,0.127,0.000344667,0.00198,0.004703
477,8/5/2016,26.99333337,0.127,0.000717333,0.002093333,0.004696667
478,8/8/2016,27.06733333,0.127,0.000635667,0.002216333,0.004691333
479,8/9/2016,27.18066673,0.127,0.002323,0.003844333,0.004680333
480,8/10/2016,27.33133333,0.127,0.002846667,0.004511,0.004666
481,8/11/2016,27.45533333,0.127,0.001529333,0.003951667,0.004655
482,8/12/2016,27.54800003,0.127,0.000942,0.003419333,0.004646
483,8/15/2016,27.628,0.127,0.000453333,0.002802667,0.004639667
484,8/16/2016,27.70766667,0.127,0.000920667,0.002763333,0.004633
485,8/17/2016,27.78033327,0.127,0.001618,0.003486667,0.004626
486,8/18/2016,27.84933327,0.127,0.001417667,0.003182333,0.004619667
487,8/19/2016,27.89166663,0.127,0.001257,0.002991,0.004613
488,8/22/2016,27.89399997,0.127,0.000634333,0.001745333,0.004609
489,8/23/2016,27.88066663,0.127,0.000418667,0.001265333,0.004605333
490,8/24/2016,27.85933333,0.127,8.13E-05,0.000832667,0.004602667
491,8/25/2016,27.826,0.127,0.000289333,0.000671,0.004600667
492,8/26/2016,27.78300003,0.127,-0.000343333,0.000357333,0.004599333
493,8/29/2016,27.74100003,0.127,0.000583,0.000626,0.004598333
494,8/30/2016,27.70366667,0.127,0.000906333,0.001209333,0.004597
495,8/31/2016,27.67199997,0.127,0.001557333,0.001554333,0.004595667
496,9/1/2016,27.66166667,0.127,0.001510667,0.002146667,0.004595333
497,9/2/2016,27.645,0.127,0.001480667,0.002043333,0.004594667
498,9/6/2016,27.62499997,0.127,0.001546333,0.001987333,0.004594
499,9/7/2016,27.609,0.127,0.001313,0.001770333,0.004592333
500,9/8/2016,27.59899993,0.127,0.001269667,0.001757,0.004591
501,9/9/2016,27.5723333,0.127,0.001335667,0.001781,0.004589667
502,9/12/2016,27.53966663,0.127,0.000458667,0.001105,0.004592333
503,9/13/2016,27.524,0.127,0.000445333,0.001599333,0.004592667
504,9/14/2016,27.4843333,0.127,-0.000531333,0.001029333,0.004595333
505,9/15/2016,27.46699997,0.127,-0.000768,0.001176,0.004597
506,9/16/2016,27.43966657,0.127,-0.000944667,0.000835,0.004597667
507,9/19/2016,27.4059999,0.127,-0.001654,0.000381667,0.0046
508,9/20/2016,27.36666663,0.127,-0.001813667,-0.00028,0.004603667
509,9/21/2016,27.32533323,0.127,-0.001572667,-0.000548,0.004607
510,9/22/2016,27.2979999,0.127,-0.002109667,-0.000237,0.004608667
511,9/23/2016,27.29233323,0.127,-0.001679667,0.000242,0.004609
512,9/26/2016,27.28499983,0.127,-0.001706667,-0.000348667,0.004611
513,9/27/2016,27.27233313,0.127,-0.0021,-0.000801,0.004614
514,9/28/2016,27.27466643,0.127,-0.002201333,-0.000624333,0.004616667
515,9/29/2016,27.2919998,0.127,-0.002156,-0.000517667,0.004617667
516,9/30/2016,27.29166653,0.127,-0.002963,-0.001167,0.004620333
517,10/3/2016,27.31533317,0.127,-0.002976333,-0.000874667,0.004622
518,10/4/2016,27.32199987,0.127,-0.003398667,-0.000696,0.004623667
519,10/5/2016,27.32399987,0.127,-0.003445333,-0.000676,0.004626333
520,10/6/2016,27.34599987,0.127,-0.002350667,-0.000524333,0.004628667
521,10/7/2016,27.3416665,0.127,-0.002361333,-0.000624333,0.00463
522,10/10/2016,27.33033317,0.127,-0.002080667,-0.000899667,0.004632
523,10/11/2016,27.3259998,0.127,-0.001935,-0.001123,0.004633
524,10/12/2016,27.30499983,0.127,-0.002803333,-0.002089667,0.004636667
525,10/13/2016,27.27866653,0.127,-0.003613,-0.002359333,0.004639667
526,10/14/2016,27.2299999,0.127,-0.004151667,-0.003155,0.004642667
527,10/17/2016,27.1946666,0.127,-0.003938333,-0.002742,0.004645667
528,10/18/2016,27.14866663,0.127,-0.004174333,-0.003190333,0.00465
529,10/19/2016,27.11633323,0.127,-0.003467333,-0.002789,0.004653667
530,10/20/2016,27.08933327,0.127,-0.003090667,-0.002381333,0.004657
531,10/21/2016,27.08233323,0.127,-0.003421,-0.002361667,0.004660333
532,10/24/2016,27.12566657,0.127,-0.002515667,-0.001941667,0.004659667
533,10/25/2016,27.1716666,0.127,-0.002074333,-0.001774333,0.004660667
534,10/26/2016,27.23366663,0.127,-0.000841333,-0.001071,0.00466
535,10/27/2016,27.296,0.127,-0.000214333,-0.000292333,0.004659667
536,10/28/2016,27.35900007,0.127,0.00024,-0.000531667,0.004661
537,10/31/2016,27.43200007,0.127,0.00063,-0.000271667,0.004661333
538,11/1/2016,27.4836667,0.127,4.43E-05,-0.000505,0.004661667
539,11/2/2016,27.54233337,0.127,-0.000367333,-0.000495,0.004663333
540,11/3/2016,27.58766673,0.127,-0.000387333,-0.000979333,0.004668
541,11/4/2016,27.60933337,0.127,-0.000233667,-0.001009,0.004674333
542,11/7/2016,27.63700003,0.127,-0.000791667,-0.000742667,0.00468
543,11/8/2016,27.69733343,0.127,0.000433,0.000633333,0.004680667
544,11/9/2016,27.72700017,0.127,0.000379667,0.000157,0.004681667
545,11/10/2016,27.80700013,0.127,0.002010333,0.001934333,0.004681667
546,11/11/2016,27.94833347,0.127,0.005228667,0.004367667,0.00468
547,11/14/2016,28.0976668,0.127,0.00536,0.004560667,0.00468
548,11/15/2016,28.3023335,0.127,0.00666,0.005625,0.004679667
549,11/16/2016,28.50266683,0.127,0.006326667,0.005501667,0.004677
550,11/17/2016,28.6583335,0.127,0.004805333,0.004610333,0.004675333
551,11/18/2016,28.87300017,0.127,0.005187,0.005248667,0.004673333
552,11/21/2016,29.1046668,0.127,0.005286,0.005524667,0.004671
553,11/22/2016,29.33433343,0.127,0.004607333,0.005685667,0.004668
554,11/23/2016,29.5820001,0.127,0.004818,0.006524,0.004662667
555,11/25/2016,29.86366673,0.127,0.004878,0.007068,0.004657667
556,11/28/2016,30.1413334,0.127,0.005592,0.007731333,0.004651667
557,11/29/2016,30.38133343,0.127,0.004962,0.007221667,0.004646667
558,11/30/2016,30.6273334,0.127,0.005299667,0.007371667,0.004640667
559,12/1/2016,30.89133347,0.127,0.005644,0.007237667,0.004636
560,12/2/2016,31.16033347,0.127,0.006308333,0.007046,0.004632
561,12/5/2016,31.4056669,0.127,0.006085,0.006532333,0.004627667
562,12/6/2016,31.63500027,0.127,0.006445333,0.006753,0.004622667
563,12/7/2016,31.86400023,0.127,0.006863333,0.006574333,0.004618
564,12/8/2016,32.11733357,0.127,0.007755,0.008313667,0.004610667
565,12/9/2016,32.3823336,0.127,0.007447,0.008068333,0.004602667
566,12/12/2016,32.63533353,0.127,0.007172667,0.008524667,0.004593333
567,12/13/2016,32.8633335,0.127,0.006509333,0.008088,0.004584
568,12/14/2016,33.1193335,0.127,0.006705333,0.008302333,0.004573667
569,12/15/2016,33.3653335,0.127,0.006038667,0.008179,0.004563333
570,12/16/2016,33.64900017,0.127,0.006880667,0.008962667,0.004551333
571,12/19/2016,33.93233357,0.127,0.006897667,0.008423333,0.004539667
572,12/20/2016,34.221667,0.127,0.007367667,0.008621333,0.004527333
573,12/21/2016,34.49333357,0.127,0.007301,0.008090333,0.004518333
574,12/22/2016,34.77333347,0.127,0.006965,0.008233667,0.004510333
575,12/23/2016,34.99533353,0.127,0.005195667,0.006256333,0.004504333
576,12/27/2016,35.1740002,0.127,0.002793,0.004527667,0.004498333
577,12/28/2016,35.32466687,0.127,0.002721667,0.004102,0.004491667
578,12/29/2016,35.4086669,0.127,0.001385,0.002585667,0.004486333
579,12/30/2016,35.50033357,0.127,0.001488333,0.002742333,0.004482333
580,1/3/2017,35.62233353,0.127,0.002229,0.003397,0.004478333
581,1/4/2017,35.74333357,0.1278,0.002245,0.003304667,0.004474
582,1/5/2017,35.88700027,0.1286,0.002065,0.003743333,0.004468333
583,1/6/2017,35.99666697,0.1294,0.001991667,0.003077,0.004464333
584,1/9/2017,36.1020003,0.1302,0.001844333,0.002428667,0.00446
585,1/10/2017,36.16666707,0.131,0.001397667,0.001669333,0.004456333
586,1/11/2017,36.24200033,0.1318,0.001337333,0.001834,0.004453333
587,1/12/2017,36.3240003,0.1326,0.002107333,0.001940667,0.004448667
588,1/13/2017,36.40166703,0.1334,0.001743,0.001847333,0.004444667
589,1/17/2017,36.46033367,0.1342,0.001557,0.001937,0.00444
590,1/18/2017,36.47500027,0.135,-0.000260667,0.000974333,0.004435667
591,1/19/2017,36.52200027,0.1358,0.000509667,0.001587,0.004431
592,1/20/2017,36.53866693,0.1366,0.000221,0.001323,0.004428
593,1/23/2017,36.55800033,0.1374,-0.000215667,0.000958667,0.004424667
594,1/24/2017,36.54433367,0.1382,-0.001750333,-0.001057333,0.004423667
595,1/25/2017,36.52533367,0.139,-0.001479667,-0.000968667,0.004422
596,1/26/2017,36.50466703,0.1398,-0.000223,-0.001645,0.004420333
597,1/27/2017,36.52966703,0.1406,0.0009,-0.001054333,0.004418333
598,1/30/2017,36.54166707,0.1414,0.000520667,-0.001268667,0.004417667
599,1/31/2017,36.5593338,0.1422,0.000900667,-0.000710333,0.004416333
600,2/1/2017,36.5223338,0.143,0.000750667,-0.001457333,0.004416
601,2/2/2017,36.50133377,0.1438,0.00041,-0.001344,0.004414333
602,2/3/2017,36.4493337,0.1446,0.000386667,-0.001915,0.004413
603,2/6/2017,36.4243337,0.1454,0.000764,-0.00174,0.004411
604,2/7/2017,36.40266713,0.1462,0.000577333,-0.00164,0.004409
605,2/8/2017,36.3750004,0.147,0.00043,-0.001803333,0.004406667
606,2/9/2017,36.33500037,0.1478,-0.000115667,-0.002074667,0.004404333
607,2/10/2017,36.31800043,0.1486,0.00055,-0.001771,0.004401667
608,2/13/2017,36.31733373,0.1494,0.001003,-0.001417667,0.004397
609,2/14/2017,36.33600047,0.1502,0.001422,-0.001023,0.004391667
610,2/15/2017,36.37100047,0.151,0.001783667,-0.000526,0.004385333
611,2/16/2017,36.37833373,0.151,0.001573,-0.000789,0.004379333
612,2/17/2017,36.34233367,0.151,0.0013,-0.001380333,0.004374333
613,2/21/2017,36.334667,0.151,0.0018,-0.000694,0.004368667
614,2/22/2017,36.325667,0.151,0.001975,-0.000314,0.004363
615,2/23/2017,36.3216669,0.151,0.002521333,-0.000167333,0.004356667
616,2/24/2017,36.31066697,0.151,0.002362,-0.000259667,0.004350333
617,2/27/2017,36.31466693,0.151,0.001865333,-0.000159667,0.004344333
618,2/28/2017,36.34166687,0.151,0.002192667,0.000189,0.004338
619,3/1/2017,36.33900027,0.151,0.001594,-0.000201333,0.004332333
620,3/2/2017,36.3850003,0.151,0.003582667,0.001209,0.004324
621,3/3/2017,36.3873336,0.151,0.002709,0.000373,0.004317
622,3/6/2017,36.4020002,0.151,0.002621,0.000702333,0.004309
623,3/7/2017,36.3800002,0.151,0.002161667,0.000337,0.004302333
624,3/8/2017,36.37433347,0.151,0.002481667,0.000849,0.004295667
625,3/9/2017,36.36200003,0.151,0.002155333,0.000738667,0.004290333
626,3/10/2017,36.35999997,0.151,0.001266,0.001025333,0.004285667
627,3/13/2017,36.33733327,0.151,0.001021667,0.001065667,0.004280667
628,3/14/2017,36.3173332,0.151,0.001281667,0.001112333,0.004275333
629,3/15/2017,36.29899977,0.151,0.001615667,0.001061667,0.004269667
630,3/16/2017,36.29833307,0.151,0.001437,0.000685,0.004262333
631,3/17/2017,36.29266647,0.151,0.002033333,0.001106333,0.004255667
632,3/20/2017,36.2853331,0.151,0.001763333,0.001126333,0.00425
633,3/21/2017,36.2083332,0.151,0.000264667,0.000286333,0.004245333
634,3/22/2017,36.09399983,0.151,-0.000345333,-0.000767,0.004242333
635,3/23/2017,35.99499993,0.151,-0.000532,-0.000360667,0.004239
636,3/24/2017,35.91699993,0.151,-0.000158667,-0.000307333,0.004236
637,3/27/2017,35.8109999,0.151,-0.000467667,-0.000797,0.004234
638,3/28/2017,35.69499993,0.151,-0.000807333,-0.000940333,0.004232667
639,3/29/2017,35.5953332,0.151,-0.000593333,-0.000759333,0.004231
640,3/30/2017,35.47733317,0.151,-0.001292333,-0.001481,0.00423
641,3/31/2017,35.3823332,0.151,-0.001278667,-0.001021333,0.004229
642,4/3/2017,35.29733323,0.151,-0.001378667,-0.001114667,0.004228333
643,4/4/2017,35.19999983,0.151,-0.001465333,-0.001544333,0.004228333
644,4/5/2017,35.09566647,0.151,-0.001730333,-0.001981,0.004229
645,4/6/2017,34.9783331,0.151,-0.001926667,-0.002387667,0.00423
646,4/7/2017,34.86499973,0.151,-0.001764667,-0.002316667,0.004230667
647,4/10/2017,34.75433307,0.151,-0.001698,-0.00248,0.004231667
648,4/11/2017,34.6186664,0.151,-0.002025333,-0.002948667,0.004232667
649,4/12/2017,34.51233297,0.151,-0.002155333,-0.002416333,0.004233333
650,4/13/2017,34.37633303,0.151,-0.003860667,-0.00329,0.004236667
651,4/17/2017,34.25633297,0.151,-0.004400667,-0.00303,0.00424
652,4/18/2017,34.155333,0.151,-0.003613667,-0.002721,0.004242333
653,4/19/2017,34.06433287,0.151,-0.003623667,-0.002774333,0.004244667
654,4/20/2017,33.97766627,0.151,-0.003637,-0.002886333,0.004246667
655,4/21/2017,33.91566623,0.151,-0.002724,-0.002182333,0.004247333
656,4/24/2017,33.833333,0.151,-0.003314667,-0.002379,0.004248667
657,4/25/2017,33.7629998,0.151,-0.002991333,-0.002144333,0.004249
658,4/26/2017,33.68933317,0.151,-0.002342667,-0.001866667,0.004248333
659,4/27/2017,33.59966657,0.151,-0.00239,-0.003107667,0.004247333
660,4/28/2017,33.5079999,0.151,-0.00242,-0.003031,0.004247667
661,5/1/2017,33.24033313,0.151,-0.003133,-0.004102333,0.004248
662,5/2/2017,33.00099987,0.151,-0.002382333,-0.004109,0.004247
663,5/3/2017,32.8233332,0.151,-0.001743333,-0.003925667,0.004246
664,5/4/2017,32.68166653,0.151,-0.000524,-0.003265667,0.004243
665,5/5/2017,32.53466647,0.151,-1.33E-05,-0.003615333,0.004240333
666,5/8/2017,32.37399983,0.151,-1.00E-05,-0.003635333,0.004237
667,5/9/2017,32.20966643,0.151,-0.000403333,-0.00346,0.004233333
668,5/10/2017,32.0549997,0.151,-0.000356667,-0.003104333,0.00423
669,5/11/2017,31.85833303,0.151,-0.000675333,-0.003866667,0.004227333
670,5/12/2017,31.62999973,0.151,-0.001098667,-0.003793333,0.004225
671,5/15/2017,31.3686664,0.151,-0.001886667,-0.004269333,0.004223333
672,5/16/2017,31.1289998,0.151,-0.001354667,-0.003840667,0.004220667
673,5/17/2017,30.8983332,0.151,-0.001288,-0.003977333,0.004218
674,5/18/2017,30.6573332,0.151,-0.001754667,-0.004274,0.004217667
675,5/19/2017,30.43199993,0.151,-0.001532,-0.003561333,0.004216333
676,5/22/2017,30.21899993,0.151,-0.001335667,-0.003301333,0.004214667
677,5/23/2017,30.0106666,0.151,-0.001045667,-0.003248,0.004212333
678,5/24/2017,29.80966663,0.151,-0.000623333,-0.002954667,0.004209667
679,5/25/2017,29.6013333,0.151,-0.000576667,-0.003560333,0.004206667
680,5/26/2017,29.41533327,0.151,-0.00013,-0.003367,0.004202333
681,5/30/2017,29.24866667,0.151,0.000746667,-0.002581333,0.004197
682,5/31/2017,29.05133333,0.151,-0.000302667,-0.003573,0.004193
683,6/1/2017,28.8513334,0.151,-0.000786,-0.003339667,0.004188333
684,6/2/2017,28.6586667,0.151,1.67E-05,-0.003093,0.004182667
685,6/5/2017,28.44366677,0.151,-0.001019667,-0.004065333,0.004177667
686,6/6/2017,28.26300003,0.151,-0.000766333,-0.003773,0.004172333
687,6/7/2017,28.076,0.151,-0.001117,-0.004302,0.004168667
688,6/8/2017,27.91100003,0.151,-0.001502333,-0.0041,0.004165667
689,6/9/2017,27.75900003,0.151,-0.001188333,-0.002881333,0.004162667
690,6/12/2017,27.6140001,0.151,-0.000342,-0.001946,0.00416
691,6/13/2017,27.64600013,0.151,0.000204333,-0.000961333,0.004157
692,6/14/2017,27.6810001,0.151,4.23E-05,-0.000285667,0.004153667
693,6/15/2017,27.69300007,0.151,4.23E-05,-0.000662333,0.004150333
694,6/16/2017,27.71633337,0.151,-0.000533667,-0.000186333,0.004147333
695,6/19/2017,27.73833337,0.151,-0.000741,0.000342333,0.004145
696,6/20/2017,27.76533333,0.151,-0.000481333,0.000500667,0.004142333
697,6/21/2017,27.80066673,0.151,-0.000918,0.000232,0.004140667
698,6/22/2017,27.8540001,0.151,-0.001001333,-0.000147,0.004138667
699,6/23/2017,27.9053334,0.151,-0.001332333,-3.33E-07,0.004137
700,6/26/2017,27.97333337,0.151,-0.000762333,-7.03E-05,0.004134667
701,6/27/2017,28.07633337,0.151,-2.97E-05,0.000229333,0.004132333
702,6/28/2017,28.15400003,0.151,-5.47E-05,0.000183667,0.004131667
703,6/29/2017,28.25266667,0.151,0.000715667,0.000975667,0.004129667
704,6/30/2017,28.3543333,0.151,0.002245333,0.001512333,0.004126333
705,7/3/2017,28.46499997,0.151,0.001936,0.001631667,0.004123667
706,7/5/2017,28.57233327,0.151,0.001726,0.001208,0.004121333
707,7/6/2017,28.66799997,0.151,0.001756,0.001024667,0.004119333
708,7/7/2017,28.7526666,0.151,0.001387,0.000841333,0.004119
709,7/10/2017,28.84933333,0.151,0.001681667,0.001234,0.004118
710,7/11/2017,28.91266663,0.151,0.001785,0.001177333,0.004117667
711,7/12/2017,28.97033327,0.151,0.001688333,0.000561667,0.004117333
712,7/13/2017,29.0446666,0.151,0.001927,0.001293333,0.004116
713,7/14/2017,29.1283333,0.151,0.00284,0.001536,0.004114333
714,7/17/2017,29.20366667,0.151,0.001860667,0.001239333,0.004113
715,7/18/2017,29.27866667,0.151,0.001864,0.001226,0.004112
716,7/19/2017,29.32433337,0.151,0.001975667,0.001147,0.004111
717,7/20/2017,29.365,0.151,0.002002667,0.001388333,0.004109
718,7/21/2017,29.387,0.151,0.001786,0.001127333,0.004107333
719,7/24/2017,29.46033337,0.151,0.001055333,0.001555333,0.004105667
720,7/25/2017,29.52833333,0.151,0.000330667,0.001086667,0.004103667
721,7/26/2017,29.5993333,0.151,0.000636333,0.001670333,0.004101333
722,7/27/2017,29.65199997,0.151,0.000324333,0.000981333,0.004099667
723,7/28/2017,29.68899997,0.151,0.000155333,-4.20E-05,0.004098333
724,7/31/2017,29.7046667,0.151,-0.000318,-0.000191333,0.004096667
725,8/1/2017,29.7376667,0.151,8.90E-05,-2.40E-05,0.004094333
726,8/2/2017,29.753,0.151,-4.07E-05,-0.000225667,0.004092667
727,8/3/2017,29.7736666,0.151,0.000156,6.43E-05,0.00409
728,8/4/2017,29.78066657,0.151,0.000319333,0.000117667,0.004087667
729,8/7/2017,29.79966663,0.151,0.000276,0.000504,0.004085
730,8/8/2017,29.84733333,0.151,0.000112667,0.000805,0.004082333
731,8/9/2017,29.88199997,0.151,-6.53E-05,0.000798,0.00408
732,8/10/2017,29.90899993,0.151,-0.000178333,0.000168333,0.004076667
733,8/11/2017,29.89299997,0.151,-0.001442,-0.000903667,0.004076333
734,8/14/2017,29.88133337,0.151,-0.002338333,-0.000960333,0.004075
735,8/15/2017,29.87533333,0.151,-0.001540667,-0.000848333,0.004072333
736,8/16/2017,29.90633337,0.151,-0.001757,-0.000136667,0.00407
737,8/17/2017,29.9426667,0.151,-0.001857,0.000183333,0.004067667
738,8/18/2017,29.96666673,0.151,-0.002290333,-0.000626667,0.004066
739,8/21/2017,29.97900003,0.151,-0.002475,-0.000979333,0.004065667
740,8/22/2017,30.01666673,0.151,-0.002294667,-0.000922667,0.004065333
741,8/23/2017,30.05800007,0.151,-0.001707333,-0.000606667,0.004063333
742,8/24/2017,30.0906667,0.151,-0.001906,-0.000921667,0.004063
743,8/25/2017,30.1273333,0.151,-0.002082333,-0.000984333,0.004063333
744,8/28/2017,30.16266667,0.151,-0.001965667,-0.000774333,0.004064
745,8/29/2017,30.18400003,0.151,-0.001885667,-0.001001,0.004064667
746,8/30/2017,30.2103334,0.151,-0.002077333,-0.001351,0.004065
747,8/31/2017,30.24866673,0.151,-0.002202333,-0.001109,0.004065333
748,9/1/2017,30.29066673,0.151,-0.002352333,-0.001244333,0.004065
749,9/5/2017,30.29233337,0.151,-0.001989,-0.001512333,0.004064333
750,9/6/2017,30.2633334,0.151,-0.002620667,-0.002155667,0.004064667
751,9/7/2017,30.2323334,0.151,-0.003252667,-0.002587667,0.004065
752,9/8/2017,30.18200003,0.151,-0.003296,-0.002681,0.004065333
753,9/11/2017,30.12233333,0.151,-0.003242667,-0.001507667,0.004065667
754,9/12/2017,30.09599997,0.151,-0.001656667,-0.001101333,0.004064333
755,9/13/2017,30.05833333,0.151,-0.001458333,-0.001590667,0.004062667
756,9/14/2017,30.0396667,0.151,-0.001615,-0.000663333,0.004061333
757,9/15/2017,29.99433343,0.151,-0.001441667,-0.001116667,0.00406
758,9/18/2017,29.96466677,0.151,-0.001064667,-0.000496667,0.004058667
759,9/19/2017,29.9443334,0.151,-3.70E-05,-0.000356333,0.004057333
760,9/20/2017,29.90066673,0.151,0.000564,-0.000414667,0.004056333
761,9/21/2017,29.84333343,0.151,0.000699667,-0.000807333,0.004055
762,9/22/2017,29.79800007,0.151,0.000841333,-0.000342333,0.004054
763,9/25/2017,29.80300003,0.151,0.001488333,0.000789,0.004051
764,9/26/2017,29.81499997,0.151,0.001358333,0.001317,0.004048333
765,9/27/2017,29.82500003,0.151,0.000637333,0.001256333,0.004046667
766,9/28/2017,29.8233334,0.151,0.000885,0.00123,0.004044667
767,9/29/2017,29.83400007,0.151,0.001009667,0.001472667,0.004042667
768,10/2/2017,29.8656667,0.151,0.002126,0.002511333,0.004038333
769,10/3/2017,29.9126667,0.151,0.002396,0.003123,0.004033
770,10/4/2017,29.96133333,0.151,0.002371667,0.003509667,0.004027333
771,10/5/2017,29.99366663,0.151,0.001741,0.003253667,0.004023333
772,10/6/2017,30.03866667,0.151,0.002121667,0.003604667,0.004018
773,10/9/2017,30.067,0.151,0.002152667,0.003404667,0.004012333
774,10/10/2017,30.097,0.151,0.002139333,0.003094667,0.004007333
775,10/11/2017,30.14566663,0.151,0.002513333,0.003404667,0.004002
776,10/12/2017,30.18899993,0.151,0.00268,0.003514667,0.003996667
777,10/13/2017,30.18833323,0.151,0.00245,0.002688,0.003992333
778,10/16/2017,30.1893332,0.151,0.00172,0.002734667,0.003988333
779,10/17/2017,30.20866653,0.151,0.001855,0.003139667,0.003984667
780,10/18/2017,30.2456665,0.151,0.002048333,0.003429667,0.003979667
781,10/19/2017,30.2973332,0.151,0.002333,0.003566333,0.003975
782,10/20/2017,30.38566653,0.151,0.002678667,0.004140667,0.003970333
783,10/23/2017,30.53533327,0.151,0.003471,0.004849333,0.003964667
784,10/24/2017,30.65299993,0.151,0.002738333,0.004678333,0.003961
785,10/25/2017,30.7683333,0.151,0.002449333,0.005066,0.003957667
786,10/26/2017,30.87033333,0.151,0.002416,0.003212,0.003955
787,10/27/2017,31.00933327,0.151,0.002749333,0.00436,0.003952
788,10/30/2017,31.1399999,0.151,0.002658667,0.003961667,0.003947667
789,10/31/2017,31.25133317,0.151,0.001967667,0.003368333,0.003944
790,11/1/2017,31.3689998,0.151,0.001729667,0.003245667,0.003940333
791,11/2/2017,31.49666653,0.151,0.001527667,0.003514333,0.003936333
792,11/3/2017,31.64099993,0.151,0.001495333,0.003441,0.003932
793,11/6/2017,31.76233333,0.151,0.001301667,0.003193667,0.003927333
794,11/7/2017,31.86933337,0.151,0.001338333,0.002715667,0.003922
795,11/8/2017,31.95000003,0.151,0.000811667,0.002005667,0.003917333
796,11/9/2017,31.98766667,0.151,7.77E-05,0.001100667,0.003912667
797,11/10/2017,32.01766663,0.151,-0.000107,0.000631333,0.003908667
798,11/13/2017,32.05166667,0.151,-0.000776667,0.000209333,0.003905
799,11/14/2017,32.08866667,0.151,-0.001026667,-1.87E-05,0.003902
800,11/15/2017,32.11666673,0.151,-0.000894,-0.000722,0.003899667
801,11/16/2017,32.1573334,0.151,-0.000700667,-4.50E-05,0.003898
802,11/17/2017,32.21466677,0.151,-0.000434333,-0.000519333,0.003896
803,11/20/2017,32.29966683,0.151,-0.000822,-0.000286,0.003894333
804,11/21/2017,32.3803335,0.151,-0.000618667,0.00029,0.003892
805,11/22/2017,32.44766683,0.151,-0.000612667,0.00022,0.003889333
806,11/24/2017,32.52266677,0.151,-0.000922667,0.000406667,0.003887
807,11/27/2017,32.61766687,0.151,-0.000634333,0.000886667,0.003884
808,11/28/2017,32.6973335,0.151,0.000195667,0.00082,0.003881333
809,11/29/2017,32.79700023,0.151,0.001128333,0.001221333,0.003877333
810,11/30/2017,32.94266683,0.151,0.002170667,0.002255,0.003874
811,12/1/2017,33.0886668,0.151,0.001909333,0.002646667,0.003869333
812,12/4/2017,33.2296668,0.151,0.001537,0.002754667,0.003865
813,12/5/2017,33.3766668,0.151,0.001517,0.00338,0.003861667
814,12/6/2017,33.53100017,0.151,0.002197333,0.003128,0.003858333
815,12/7/2017,33.68900007,0.151,0.001899,0.002743667,0.003855
816,12/8/2017,33.85433337,0.151,0.002452,0.004083333,0.003850667
817,12/11/2017,34.00866673,0.151,0.002202,0.003454333,0.003846
818,12/12/2017,34.16366677,0.151,0.001805667,0.003657667,0.003842
819,12/13/2017,34.32233353,0.151,0.002645667,0.004122667,0.003837333
820,12/14/2017,34.45633353,0.151,0.001959333,0.003549333,0.003832667
821,12/15/2017,34.5950002,0.151,0.001817667,0.003297333,0.003828667
822,12/18/2017,34.72733347,0.151,0.002023667,0.003698667,0.003824333
823,12/19/2017,34.90733337,0.151,0.002685,0.004057,0.003819667
824,12/20/2017,35.0876667,0.151,0.002478333,0.004260333,0.003815667
825,12/21/2017,35.2743333,0.151,0.003028333,0.004457,0.003811333
826,12/22/2017,35.4919999,0.151,0.004323,0.004765667,0.003807333
827,12/26/2017,35.71466657,0.151,0.004449667,0.005556667,0.003803
828,12/27/2017,35.93599987,0.151,0.004339667,0.005973,0.003798667
829,12/28/2017,36.13633313,0.151,0.004299667,0.005719333,0.003794333
830,12/29/2017,36.3499998,0.151,0.004292333,0.00636,0.003789333
831,1/2/2018,36.55266653,0.151,0.004129,0.005559667,0.003784333
832,1/3/2018,36.7353332,0.1506,0.003832667,0.005786333,0.003779333
833,1/4/2018,36.91066647,0.1502,0.004362333,0.00591,0.003773333
834,1/5/2018,37.09533317,0.1498,0.004839333,0.005852,0.003767
835,1/8/2018,37.29433323,0.1494,0.004774,0.005902,0.003760667
836,1/9/2018,37.48066657,0.149,0.004677333,0.005722,0.003754
837,1/10/2018,37.6789998,0.1486,0.004777333,0.00606,0.003747333
838,1/11/2018,37.89399983,0.1482,0.005324333,0.006614,0.003741
839,1/12/2018,38.06966637,0.1478,0.004266667,0.005819,0.003735
840,1/16/2018,38.2036664,0.1474,0.003357667,0.005201,0.003728
841,1/17/2018,38.27166643,0.147,0.003454333,0.003783,0.003722667
842,1/18/2018,38.34233317,0.1466,0.004350333,0.003534,0.003716
843,1/19/2018,38.3373331,0.1462,0.003681333,0.002146667,0.003709
844,1/22/2018,38.37599977,0.1458,0.003148333,0.002306,0.003701333
845,1/23/2018,38.4469998,0.1454,0.003401667,0.00265,0.003692667
846,1/24/2018,38.5283331,0.145,0.002828667,0.002353667,0.003684
847,1/25/2018,38.60299983,0.1446,0.003367,0.002203,0.003676
848,1/26/2018,38.66933323,0.1442,0.003700333,0.002615,0.003668333
849,1/29/2018,38.76433317,0.1438,0.003016,0.002565667,0.003659667
850,1/30/2018,38.88166653,0.1434,0.003472667,0.003265,0.003651667
851,1/31/2018,38.9696665,0.143,0.003299333,0.002678333,0.003644667
852,2/1/2018,39.05266653,0.1426,0.003188667,0.002295333,0.003638
853,2/2/2018,39.09099993,0.1422,0.002467333,0.002025667,0.003632
854,2/5/2018,39.1076666,0.1418,0.002040667,0.001345667,0.003628333
855,2/6/2018,39.07166667,0.1414,-0.000912667,-0.000287667,0.00363
856,2/7/2018,39.04066667,0.141,-0.002230667,0.000141333,0.003629333
857,2/8/2018,38.99833333,0.1406,-0.002046,-0.000121667,0.003629333
858,2/9/2018,38.87400003,0.1402,-0.003059333,-0.002018,0.003634
859,2/12/2018,38.75500007,0.1398,-0.002523333,-0.001100667,0.003636667
860,2/13/2018,38.6640001,0.1394,-0.002495,-0.000507,0.003638
861,2/14/2018,38.57733333,0.139,-0.001266667,-1.57E-05,0.003638333
862,2/15/2018,38.50533333,0.139,-0.000606667,0.000471333,0.003638
863,2/16/2018,38.42933337,0.139,-0.0006,0.000636667,0.003636667
864,2/20/2018,38.3403333,0.139,-0.001057,0.000712667,0.003636
865,2/21/2018,38.23433327,0.139,-0.001281667,0.000794667,0.003636667
866,2/22/2018,38.14466667,0.139,-0.001028333,0.000608,0.003638333
867,2/23/2018,38.0410001,0.139,-0.00166,-3.67E-05,0.003640333
868,2/26/2018,37.9573335,0.139,-0.001916333,0.000155333,0.00364
869,2/27/2018,37.87833353,0.139,-0.001409,0.000206,0.003639333
870,2/28/2018,37.79300027,0.139,-0.001589,-0.000216333,0.003640667
871,3/1/2018,37.7416669,0.139,-0.002012333,0.000127,0.003643
872,3/2/2018,37.66800013,0.139,-0.003375,-0.001399667,0.003648333
873,3/5/2018,37.6223335,0.139,-0.003353667,-0.000820333,0.003653
874,3/6/2018,37.5476668,0.139,-0.003389667,-0.000322333,0.003656333
875,3/7/2018,37.43700017,0.139,-0.003954333,-0.000669667,0.003660333
876,3/8/2018,37.32100017,0.139,-0.004104333,-0.000683,0.003665
877,3/9/2018,37.22433343,0.139,-0.004545333,-0.000487,0.003669
878,3/12/2018,37.14766667,0.139,-0.003744667,-0.000576667,0.003671
879,3/13/2018,37.04000003,0.139,-0.004007,-0.000972333,0.003674333
880,3/14/2018,36.92400003,0.139,-0.004213667,-0.001458333,0.003677667
881,3/15/2018,36.80633327,0.139,-0.004480333,-0.001181667,0.003680333
882,3/16/2018,36.6393332,0.139,-0.004618,-0.001691667,0.003683333
883,3/19/2018,36.49066657,0.139,-0.005028,-0.001517,0.003686667
884,3/20/2018,36.3766665,0.139,-0.004544667,-0.001050333,0.003689
885,3/21/2018,36.3273332,0.139,-0.001821333,0.000379667,0.003685667
886,3/22/2018,36.24833323,0.139,-0.001384667,-0.000401333,0.003685
887,3/23/2018,36.12266657,0.139,-0.002909333,-0.001939333,0.003686667
888,3/26/2018,36.04033317,0.139,-0.002652667,-0.000942667,0.003686667
889,3/27/2018,35.9826665,0.139,-0.002235333,-0.000911667,0.003685
890,3/28/2018,35.86366637,0.139,-0.003215,-0.002462667,0.003687333
891,3/29/2018,35.7669998,0.139,-0.003852,-0.002680333,0.003690333
892,4/2/2018,35.66133307,0.139,-0.004140333,-0.002381333,0.003693333
893,4/3/2018,35.52199973,0.139,-0.005076667,-0.003883667,0.003700667
894,4/4/2018,35.41199973,0.139,-0.004562667,-0.003802333,0.003706333
895,4/5/2018,35.32366637,0.139,-0.004031333,-0.003329667,0.00371
896,4/6/2018,35.26466633,0.139,-0.003687667,-0.002688333,0.003712
897,4/9/2018,35.1806663,0.139,-0.003817667,-0.003158333,0.003717
898,4/10/2018,35.0709996,0.139,-0.004009,-0.003718,0.003723333
899,4/11/2018,34.97333293,0.139,-0.004223667,-0.003562,0.003729
900,4/12/2018,34.8876663,0.139,-0.004237,-0.003665333,0.003734
901,4/13/2018,34.8356664,0.139,-0.003292667,-0.003025,0.003736667
902,4/16/2018,34.77633313,0.139,-0.003809333,-0.001991667,0.003737667
903,4/17/2018,34.7276665,0.139,-0.003927333,-0.001789,0.003738333
904,4/18/2018,34.67233317,0.139,-0.004182,-0.002162,0.003739333
905,4/19/2018,34.62866643,0.139,-0.004002,-0.00197,0.003740667
906,4/20/2018,34.59699973,0.139,-0.002968,-0.001338333,0.003742333
907,4/23/2018,34.5423331,0.139,-0.002379,-0.001529,0.003745667
908,4/24/2018,34.45733313,0.139,-0.003234667,-0.002103,0.003751
909,4/25/2018,34.3696664,0.139,-0.003178,-0.002176333,0.003758
910,4/26/2018,34.25666643,0.139,-0.002533667,-0.002303,0.003764
911,4/27/2018,34.16333313,0.139,-0.002413667,-0.001689667,0.003768333
912,4/30/2018,34.11133323,0.139,-0.002581333,-0.001743,0.003772
913,5/1/2018,34.04366647,0.139,-0.002288,-0.002246333,0.003776333
914,5/2/2018,33.97099993,0.139,-0.001653,-0.002369667,0.003778667
915,5/3/2018,33.88866653,0.139,-0.001536333,-0.002083,0.003782333
916,5/4/2018,33.78299993,0.139,-0.001886333,-0.002289667,0.003786
917,5/7/2018,33.7463333,0.139,4.97E-05,-0.000358,0.003785
918,5/8/2018,33.7533334,0.139,0.001192,0.000941667,0.003780667
919,5/9/2018,33.74600017,0.139,0.000670667,0.000601333,0.00378
920,5/10/2018,33.78133357,0.139,0.001788,0.001896333,0.003775667
921,5/11/2018,33.80766693,0.139,0.002092,0.002214333,0.00377
922,5/14/2018,33.82700033,0.139,0.001366333,0.001649667,0.003765667
923,5/15/2018,33.86966697,0.139,0.002058,0.002775,0.003758333
924,5/16/2018,33.89566693,0.139,0.001749333,0.002666333,0.003753667
925,5/17/2018,33.9183336,0.139,0.001394667,0.002641,0.003749667
926,5/18/2018,33.92266697,0.139,0.000677667,0.002608667,0.003747
927,5/21/2018,33.97700023,0.139,0.001001,0.003178667,0.003741667
928,5/22/2018,34.03900023,0.139,0.001509667,0.003281333,0.003736
929,5/23/2018,34.0940003,0.139,0.001713667,0.002868333,0.003732667
930,5/24/2018,34.15666687,0.139,0.002705333,0.002861667,0.003728333
931,5/25/2018,34.19233353,0.139,0.001314333,0.002441333,0.003725333
932,5/29/2018,34.2436669,0.139,0.002598,0.002538,0.003722
933,5/30/2018,34.2436669,0.139,0.001474667,0.000656,0.003721333
934,5/31/2018,34.2586669,0.139,0.002430333,0.001024,0.003720333
935,6/1/2018,34.2500003,0.139,0.002403667,0.000892,0.00372
936,6/4/2018,34.23966707,0.139,0.002075333,0.000404667,0.003717667
937,6/5/2018,34.2480004,0.139,0.001501,0.000819,0.003714
938,6/6/2018,34.2570004,0.139,0.001269333,0.000609,0.003710333
939,6/7/2018,34.29800053,0.139,0.001993333,0.001221,0.003703667
940,6/8/2018,34.3733338,0.139,0.001642333,0.001746333,0.003697667
941,6/11/2018,34.44500053,0.139,0.002092333,0.001439667,0.003692
942,6/12/2018,34.5166671,0.139,0.002039,0.001919667,0.003686667
943,6/13/2018,34.58766713,0.139,0.002215667,0.001923333,0.003680333
944,6/14/2018,34.64966703,0.139,0.001697333,0.002056667,0.003674667
945,6/15/2018,34.72733363,0.139,0.001677333,0.002227,0.003667667
946,6/18/2018,34.83033363,0.139,0.00224,0.002373667,0.003661
947,6/19/2018,34.9093336,0.139,0.001738,0.001774333,0.003656333
948,6/20/2018,34.97900027,0.139,0.001579,0.001028,0.003652333
949,6/21/2018,35.0266668,0.139,0.000880333,0.000293333,0.003648
950,6/22/2018,35.04300017,0.139,0.000456333,-0.000431667,0.003646
951,6/25/2018,35.0506668,0.139,-0.000359,-0.000595333,0.003644667
952,6/26/2018,35.0410001,0.139,-0.000223333,-0.001326667,0.003645333
953,6/27/2018,35.0253335,0.139,-0.000568333,-0.001775333,0.003646
954,6/28/2018,34.9850002,0.139,-0.000827,-0.002758667,0.003646667
955,6/29/2018,34.93233347,0.139,-0.000784667,-0.003219333,0.003647333
956,7/2/2018,34.88066683,0.139,0.000837,-0.003273,0.003647667
957,7/3/2018,34.82733353,0.139,0.001686,-0.002666,0.003647333
958,7/5/2018,34.7533335,0.139,0.000714667,-0.003211667,0.003648333
959,7/6/2018,34.66966673,0.139,8.13E-05,-0.003359667,0.003648
960,7/9/2018,34.58900013,0.139,-8.13E-05,-0.002956333,0.003647
961,7/10/2018,34.55433343,0.139,0.001340333,-0.002122,0.003644667
962,7/11/2018,34.529,0.139,0.001113333,-0.001925333,0.003642
963,7/12/2018,34.53999993,0.139,0.001973333,-0.000682,0.003638333
964,7/13/2018,34.47133323,0.139,0.001144333,-0.001337667,0.003635333
965,7/16/2018,34.39833317,0.139,0.000891,-0.001797667,0.003631667
966,7/17/2018,34.3156665,0.139,0.00144,-0.001545667,0.003629333
967,7/18/2018,34.2279998,0.139,0.001104667,-0.001718667,0.003627
968,7/19/2018,34.1749998,0.139,0.001310667,-0.001041333,0.003624333
969,7/20/2018,34.0969998,0.139,0.00051,-0.001733333,0.003623333
970,7/23/2018,34.00566653,0.139,0.000527333,-0.001525667,0.003622333
971,7/24/2018,33.94099977,0.139,0.001437,-0.000960667,0.003621667
972,7/25/2018,33.89299983,0.139,0.001741333,-0.000920667,0.003620333
973,7/26/2018,33.83099983,0.139,0.001748,-0.001108333,0.003618
974,7/27/2018,33.6663332,0.139,0.001927,-0.001268333,0.003615667
975,7/30/2018,33.48833327,0.139,0.002363333,-0.000863333,0.003614333
976,7/31/2018,33.2979999,0.139,0.002137333,-0.001156667,0.003613
977,8/1/2018,33.09599993,0.139,0.001393333,-0.001392333,0.003610667
978,8/2/2018,32.90899993,0.139,0.001602667,-0.001055667,0.003608333
979,8/3/2018,32.74833337,0.139,0.002336,-0.000640667,0.003605667
980,8/6/2018,32.60266667,0.139,0.002711333,0.000204,0.003601667
981,8/7/2018,32.4533333,0.139,0.003008667,-6.40E-05,0.003597333
982,8/8/2018,32.32899997,0.139,0.002956333,0.001206,0.003591
983,8/9/2018,32.2149999,0.139,0.003492667,0.001931333,0.003585
984,8/10/2018,32.11433323,0.139,0.003162667,0.002609667,0.003578333
985,8/13/2018,31.9943333,0.139,0.002720333,0.002074333,0.003573
986,8/14/2018,31.85466663,0.139,0.001342,0.001872333,0.003568
987,8/15/2018,31.72699997,0.139,0.001079,0.002141,0.003562667
988,8/16/2018,31.60566667,0.139,0.001482333,0.002291,0.003558
989,8/17/2018,31.50000007,0.139,0.002060667,0.003112,0.003553333
990,8/20/2018,31.38900007,0.139,0.001782,0.003446,0.003549333
991,8/21/2018,31.2626667,0.139,0.001353333,0.002955,0.003546
992,8/22/2018,31.1400001,0.139,0.0014,0.003464,0.003542667
993,8/23/2018,31.03666683,0.139,0.001842,0.003470667,0.003538667
994,8/24/2018,30.98033353,0.139,0.001555333,0.003180667,0.003536
995,8/27/2018,30.9443336,0.139,0.001995,0.003848,0.003532667
996,8/28/2018,30.92000023,0.139,0.001246667,0.003864667,0.003528333
997,8/29/2018,30.8866669,0.139,0.00148,0.003373,0.003524333
998,8/30/2018,30.82900023,0.139,0.001410667,0.002917333,0.00352
999,8/31/2018,30.77466687,0.139,0.001267333,0.002900667,0.003515667
1000,9/4/2018,30.73666683,0.139,0.001231333,0.00276,0.003511
1001,9/5/2018,30.68233353,0.139,0.000474,0.002461333,0.003507
1002,9/6/2018,30.62200013,0.139,0.000358,0.002451333,0.003504
1003,9/7/2018,30.56733347,0.139,-0.000148667,0.002281333,0.003502333
1004,9/10/2018,30.62500013,0.139,-0.000497667,0.002531333,0.003500667
1005,9/11/2018,30.70033347,0.139,-0.000645667,0.002254333,0.003498
1006,9/12/2018,30.7980001,0.139,-0.000612333,0.003147667,0.003494333
1007,9/13/2018,30.90966677,0.139,-0.000765667,0.002821,0.003491333
1008,9/14/2018,31.01000003,0.139,-0.001535,0.002571,0.003487333
1009,9/17/2018,31.10666667,0.139,-0.002068333,0.002732667,0.003484
1010,9/18/2018,31.195,0.139,-0.002633667,0.001921333,0.003481667
1011,9/19/2018,31.306,0.139,-0.002551,0.002325,0.003479333
1012,9/20/2018,31.41599997,0.139,-0.002070667,0.001768333,0.003477
1013,9/21/2018,31.53433327,0.139,-0.002081,0.001706,0.003474
1014,9/24/2018,31.65066663,0.139,-0.001994333,0.0019,0.003471
1015,9/25/2018,31.77166667,0.139,-0.002214333,0.00192,0.003468
1016,9/26/2018,31.89799997,0.139,-0.001981,0.00191,0.003464667
1017,9/27/2018,31.9613333,0.139,-0.002903667,0.000797667,0.003462333
1018,9/28/2018,32.01833327,0.139,-0.003070333,0.000787667,0.003458667
1019,10/1/2018,32.03999993,0.139,-0.003618667,-0.000332333,0.003456
1020,10/2/2018,32.0769999,0.139,-0.003929,-0.000477667,0.003453333
1021,10/3/2018,32.0859999,0.139,-0.004102,-0.000473667,0.003451
1022,10/4/2018,32.10633327,0.139,-0.003729333,-0.000486333,0.003449
1023,10/5/2018,32.09966657,0.139,-0.003303667,-0.000453,0.003447667
1024,10/8/2018,32.10099987,0.139,-0.003193667,-0.000436333,0.003446667
1025,10/9/2018,32.09999983,0.139,-0.002932667,-0.000512333,0.003446333
1026,10/10/2018,32.07733317,0.139,-0.003252333,-0.001025333,0.003447333
1027,10/11/2018,32.03399983,0.139,-0.003919,-0.001255333,0.003452
1028,10/12/2018,31.96899983,0.139,-0.004485667,-0.001853667,0.00346
1029,10/15/2018,31.9099998,0.139,-0.003768333,-0.001408667,0.003466
1030,10/16/2018,31.84533313,0.139,-0.003057,-0.001761,0.003472667
1031,10/17/2018,31.78899987,0.139,-0.002932667,-0.001241333,0.003476667
1032,10/18/2018,31.72433327,0.139,-0.002564667,-0.001093333,0.003480333
1033,10/19/2018,31.65233327,0.139,-0.002821333,-0.00117,0.003485333
1034,10/22/2018,31.63999997,0.139,-0.002651333,-0.000568667,0.00349
1035,10/23/2018,31.5496666,0.139,-0.003466333,-0.001607,0.003495667
1036,10/24/2018,31.4543333,0.139,-0.003476333,-0.002067,0.003502
1037,10/25/2018,31.3299999,0.139,-0.003526333,-0.002260333,0.003512333
1038,10/26/2018,31.21733327,0.139,-0.001857333,-0.001656333,0.003521
1039,10/29/2018,31.0636666,0.139,-0.002087333,-0.004616333,0.003532
1040,10/30/2018,30.91399993,0.139,-0.001193333,-0.004249,0.003543
1041,10/31/2018,30.7726666,0.139,-0.001016333,-0.003944333,0.003552667
1042,11/1/2018,30.62233327,0.139,-0.001115,-0.003908333,0.003561667
1043,11/2/2018,30.4836667,0.139,-0.001107667,-0.003947333,0.00357
1044,11/5/2018,30.249,0.139,-0.00074,-0.004866333,0.003578667
1045,11/6/2018,30.03833327,0.139,-0.000265667,-0.004166333,0.003586
1046,11/7/2018,29.83466663,0.139,-0.000312333,-0.003885,0.003592333
1047,11/8/2018,29.68266663,0.139,0.000363,-0.002831,0.003596
1048,11/9/2018,29.5463333,0.139,0.000316333,-0.002463,0.003600333
1049,11/12/2018,29.431,0.139,0.000403,-0.002486333,0.003605667
1050,11/13/2018,29.28866663,0.139,0.000166333,-0.003185,0.003613667
1051,11/14/2018,29.16566663,0.139,0.000491333,-0.003157333,0.003622
1052,11/15/2018,29.0036666,0.139,-0.000214667,-0.003807,0.003631
1053,11/16/2018,28.83733327,0.139,-0.000330667,-0.002953333,0.003638
1054,11/19/2018,28.6573333,0.139,-5.50E-05,-0.00256,0.003644
1055,11/20/2018,28.464,0.139,-0.000116333,-0.002988,0.003652333
1056,11/21/2018,28.26966667,0.139,-0.000516333,-0.003641333,0.003662667
1057,11/23/2018,28.10766667,0.139,9.70E-05,-0.002896333,0.003668667
1058,11/26/2018,27.96866663,0.139,0.000347,-0.002453,0.003673
1059,11/27/2018,27.839,0.139,0.000588333,-0.001573333,0.003677
1060,11/28/2018,27.71733333,0.139,6.10E-05,-0.001223333,0.00368
1061,11/29/2018,27.59166663,0.139,0.000481333,-0.001394,0.003682333
1062,11/30/2018,27.45499993,0.139,-0.000161667,-0.001905333,0.003685
1063,12/3/2018,27.33299997,0.139,0.000819667,-0.001451333,0.003685333
1064,12/4/2018,27.1479999,0.139,0.000929667,-0.001753667,0.003684
1065,12/6/2018,26.9956666,0.139,0.000196333,-0.003473667,0.003686
1066,12/7/2018,26.84766657,0.139,-0.000190333,-0.003278333,0.003688
1067,12/10/2018,26.74099997,0.139,0.000156333,-0.003358333,0.003688667
1068,12/11/2018,26.61199993,0.139,-0.001919333,-0.003809,0.003691667
1069,12/12/2018,26.4926666,0.139,-0.002236,-0.001719,0.003692333
1070,12/13/2018,26.37733323,0.139,-0.002886667,-0.001715,0.003691667
1071,12/14/2018,26.22533323,0.139,-0.003677,-0.002796667,0.003693
1072,12/17/2018,26.06599993,0.139,-0.004365333,-0.003792667,0.003697667
1073,12/18/2018,25.86766657,0.139,-0.004522,-0.00504,0.003706333
1074,12/19/2018,25.77099993,0.139,-0.004616333,-0.0046,0.003714333
1075,12/20/2018,25.65366667,0.139,-0.005257333,-0.00544,0.003725
1076,12/21/2018,25.5243333,0.139,-0.004920667,-0.005861333,0.003739
1077,12/24/2018,25.36266663,0.139,-0.005606,-0.007335333,0.003758667
1078,12/26/2018,25.18566663,0.139,-0.006469333,-0.00833,0.003782
1079,12/27/2018,25.03633323,0.139,-0.004871333,-0.006187333,0.003797333
1080,12/28/2018,24.90999993,0.139,-0.004481333,-0.005186333,0.003809333
1081,12/31/2018,24.7716666,0.139,-0.004546667,-0.005791333,0.003821333
