Date,Close,Volume,10k Earnings Sentiment,Comp 1,Comp 2,S&P Price Change,Interest rate change
7/31/2014,23,56483900,0.148,0,0,0.00518,
8/1/2014,23,6458900,0.148,-0.0108,-0.0154,0.00519,
8/4/2014,23,3455900,0.148,0.01271,0.00566,0.00516,
8/5/2014,23,4450200,0.148,-0.0116,-0.0144,0.00521,
8/6/2014,22.98,6993400,0.148,-0.0067,0.00386,0.00521,
8/7/2014,22.93,3186900,0.148,-0.0072,-0.0112,0.00523,
8/8/2014,22.950001,2855000,0.148,0.00604,0.01522,0.00517,
8/11/2014,22.93,1767500,0.148,-0.0022,0.004,0.00516,
8/12/2014,23,1549700,0.148,-0.0022,0.00464,0.00517,
8/13/2014,23.18,1659100,0.148,0.00422,0.00859,0.00513,
8/14/2014,23.01,1391700,0.148,0.0078,-0.0046,0.00511,
8/15/2014,23,1948100,0.148,-0.0034,-0.0072,0.00511,
8/18/2014,23.17,1073700,0.148,0.00956,0.01143,0.00507,
8/19/2014,24.41,2851800,0.148,0.00335,0.00295,0.00504,
8/20/2014,25.190001,3544500,0.148,-0.0002,0.01437,0.00503,
8/21/2014,25.389999,2358000,0.148,0.00865,0.00515,0.00501,
8/22/2014,25.360001,891600,0.148,-0.0021,-0.0066,0.00502,
8/25/2014,25.120001,1185400,0.148,0.00528,0.01016,0.005,
8/26/2014,25.049999,951000,0.148,0.00214,-0.001,0.00499,
8/27/2014,25.469999,1230600,0.148,-0.0043,0.00208,0.00499,
8/28/2014,25.690001,981700,0.148,-0.0037,-0.0051,0.005,
8/29/2014,25.790001,981200,0.148,0.00567,-0.0006,0.00498,
9/2/2014,25.790001,1873200,0.148,0.00253,0.01764,0.00498,
9/3/2014,25.790001,996500,0.148,-0.0004,0.00205,0.00499,
9/4/2014,25.700001,1117500,0.148,0.00039,-0.003,0.00499,
9/5/2014,25.77,1089800,0.148,0.00155,0.00552,0.00497,
9/8/2014,24.84,2534800,0.148,-0.0035,-0.0035,0.00499,
9/9/2014,25.040001,3608600,0.148,-0.0078,-0.0094,0.00502,
9/10/2014,24.700001,1974600,0.148,0.00881,0.00079,0.005,
9/11/2014,24.65,2029100,0.148,0.00136,-0.004,0.00499,
9/12/2014,24.5,1106800,0.148,0.00213,-0.0049,0.00502,
9/15/2014,24.15,1125600,0.148,0.00464,0.00561,0.00503,
9/16/2014,24.309999,1512100,0.148,0.00712,0.01019,0.00499,
9/17/2014,24.549999,940400,0.148,0.00382,0.01955,0.00498,
9/18/2014,24.67,879100,0.148,0.0139,0.01438,0.00495,
9/19/2014,25.41,5257900,0.148,0.00225,-0.0044,0.00498,
9/22/2014,24.84,737000,0.148,-0.0086,-0.002,0.00502,
9/23/2014,24.58,940000,0.148,-0.0151,-0.0121,0.00505,
9/24/2014,24.92,964600,0.148,0.00058,0.00761,0.00501,
9/25/2014,24.629999,1350800,0.148,-0.0138,-0.0188,0.00509,
9/26/2014,24.77,1252800,0.148,0.00895,0.02074,0.00505,
9/29/2014,24.700001,1482000,0.148,-0.0035,-0.008,0.00506,
9/30/2014,24.549999,8795100,0.148,0.00348,-0.0009,0.00508,
10/1/2014,24.219999,1196600,0.148,-0.0118,-0.0134,0.00515,
10/2/2014,24.58,1253000,0.148,0.00273,0.00236,0.00514,
10/3/2014,24.83,1737500,0.148,0.01362,0.01806,0.00509,
10/6/2014,25,1057100,0.148,-0.0013,0.00154,0.00509,
10/7/2014,24.85,803600,0.148,-0.0183,-0.0223,0.00517,
10/8/2014,25.02,1074500,0.148,0.02095,0.02127,0.00509,
10/9/2014,24.549999,2536300,0.148,-0.0198,-0.0204,0.00519,
10/10/2014,24.200001,1561700,0.148,-0.0094,-0.0109,0.00525,
10/13/2014,24.459999,1726100,0.148,-0.0087,-0.0143,0.00534,
10/14/2014,24.85,1036400,0.148,-0.0273,0.01211,0.00533,
10/15/2014,24.52,1529300,0.148,-0.0201,-0.0096,0.00536,
10/16/2014,24.6,1889000,0.148,0.00585,-0.004,0.00537,
10/17/2014,24.780001,981700,0.148,0.01164,0.01019,0.00531,
10/20/2014,24.709999,938300,0.148,0.01006,0.004,0.00525,
10/21/2014,25.17,1699700,0.148,0.02582,0.02679,0.00515,
10/22/2014,25.379999,1546100,0.148,-0.0056,-0.0523,0.00519,
10/23/2014,25.809999,970100,0.148,0.00857,0.01442,0.00513,
10/24/2014,26.110001,1223100,0.148,0.01186,0.00727,0.00509,
10/27/2014,26.530001,1011400,0.148,0.00215,-0.0016,0.0051,
10/28/2014,26.85,1002300,0.148,0.00916,0.01414,0.00504,
10/29/2014,27,730100,0.148,0.00753,-0.0025,0.00505,
10/30/2014,26.790001,1038900,0.148,0.00556,-0.0019,0.00502,
10/31/2014,27.02,934600,0.148,0.01201,0.01496,0.00496,
11/3/2014,27.34,983700,0.148,0.00527,-0.0005,0.00496,
11/4/2014,27.01,999300,0.148,-0.0019,0.00706,0.00497,
11/5/2014,27.469999,587300,0.148,0.00488,0.00981,0.00494,
11/6/2014,27.58,993100,0.148,0.0099,0.01327,0.00492,
11/7/2014,28.15,1165800,0.148,-0.0041,0.00518,0.00492,
11/10/2014,28.77,1474200,0.148,-0.0002,0.00469,0.0049,
11/11/2014,29.110001,1643700,0.148,-0.0046,0.0006,0.0049,
11/12/2014,29.030001,1033700,0.148,-0.0007,-0.0056,0.0049,
11/13/2014,28.99,1656800,0.148,-0.0028,-0.0117,0.0049,
11/14/2014,29.049999,1912000,0.148,-0.0007,-0.004,0.0049,
11/17/2014,29.129999,1010300,0.148,0.00169,0.004,0.00489,
11/18/2014,28.950001,948900,0.148,-0.0032,-0.004,0.00486,
11/19/2014,28.940001,2141800,0.148,0.00169,-0.0089,0.00487,
11/20/2014,29.24,1300600,0.148,0.00225,-0.0034,0.00486,
11/21/2014,29.17,1003900,0.148,0.00617,0.00203,0.00484,
11/24/2014,28.969999,1177500,0.148,0.00539,0.01322,0.00482,
11/25/2014,28.66,5938500,0.148,-0.0041,0.00276,0.00483,
11/26/2014,28.799999,1327400,0.148,0.00742,-0.0057,0.00482,
11/28/2014,29.01,425200,0.148,0.00368,0.00893,0.00483,
12/1/2014,28.879999,1020800,0.148,-0.0121,-0.0046,0.00486,
12/2/2014,29.049999,1091100,0.148,0.00743,0.00245,0.00483,
12/3/2014,29,730200,0.148,0.00314,-0.0035,0.00481,
12/4/2014,29.15,829000,0.148,0.00202,-0.0034,0.00482,
12/5/2014,29.25,818700,0.148,0.00972,-0.0017,0.00481,
12/8/2014,29.51,1644100,0.148,-0.0047,0.00139,0.00484,
12/9/2014,29.52,1085700,0.148,0.0011,-0.0043,0.00484,
12/10/2014,29.65,760000,0.148,-0.0104,-0.0235,0.00492,
12/11/2014,29.52,1057900,0.148,0.00313,0.00127,0.0049,
12/12/2014,29,1632500,0.148,-0.0134,-0.0223,0.00498,
12/15/2014,28.629999,1310500,0.148,-0.0095,-0.0094,0.00501,
12/16/2014,28.440001,2238500,0.148,-0.0079,-0.0132,0.00505,
12/17/2014,28.9,1311900,0.148,0.01933,0.0331,0.00496,
12/18/2014,29.75,1015700,0.148,0.0264,0.04149,0.00484,
12/19/2014,30,1337500,0.148,-0.0138,0.00123,0.00484,
12/22/2014,29.85,770300,0.148,0.00955,0.00876,0.00482,
12/23/2014,30,504100,0.148,0.0091,0.00777,0.00481,
12/24/2014,30.110001,78600,0.148,-0.0023,-0.0033,0.00481,
12/26/2014,30.5,426500,0.148,-0.0011,0.00485,0.0048,
12/29/2014,30.459999,296100,0.148,0.00778,-0.0012,0.00479,
12/30/2014,30,517800,0.148,-0.0052,0.00196,0.00482,
12/31/2014,29.75,430000,0.148,-0.0108,-0.0125,0.00487,
1/2/2015,29.48,580000,0.128,-0.0022,-0.002,0.00487,
1/5/2015,29.25,1593900,0.128,-0.0274,-0.0223,0.00496,
1/6/2015,28.85,2198300,0.128,-0.0209,-0.0235,0.005,
1/7/2015,29.200001,1365100,0.128,0.00595,0.0149,0.00494,
1/8/2015,29.98,835000,0.128,0.02214,0.01611,0.00486,
1/9/2015,29.700001,477600,0.128,-0.0164,-0.016,0.0049,
1/12/2015,29.530001,754700,0.128,-0.012,-0.0047,0.00493,
1/13/2015,29.709999,629700,0.128,-0.0038,-0.0092,0.00495,
1/14/2015,29.15,866800,0.128,-0.0116,-0.0211,0.00498,
1/15/2015,28.52,1093700,0.128,-0.0103,-0.0167,0.00502,
1/16/2015,28.99,425200,0.128,0.01814,0.00116,0.00496,
1/20/2015,29.1,958200,0.128,0.00697,0.01163,0.00495,
1/21/2015,29.18,863700,0.128,0.00192,-0.0005,0.00492,
1/22/2015,29.049999,2514800,0.128,0.03205,-0.0579,0.00485,
1/23/2015,30.969999,3170800,0.128,-0.0095,-0.0129,0.00488,
1/26/2015,31.33,3123200,0.128,0.00601,0.00212,0.00487,
1/27/2015,31.32,1401800,0.128,-0.0114,-0.0169,0.00493,
1/28/2015,31.25,1038100,0.128,-0.0153,-0.0126,0.005,
1/29/2015,31.23,1383400,0.128,0.0115,-0.0036,0.00495,
1/30/2015,30.860001,1255100,0.128,-0.0159,-0.0084,0.00501,
2/2/2015,31.16,758800,0.128,0.01714,0.0171,0.00495,
2/3/2015,31.129999,919900,0.128,0.01212,0.01916,0.00488,
2/4/2015,31.25,1276200,0.128,-0.0079,0.00692,0.0049,
2/5/2015,32,1114100,0.128,0.01207,0.01304,0.00485,
2/6/2015,32.139999,1115900,0.128,0.01453,0.01826,0.00486,
2/9/2015,32.400002,1118100,0.128,-0.0044,0.00256,0.00489,
2/10/2015,33.110001,2354000,0.128,0.00664,0.00102,0.00484,
2/11/2015,33.549999,2110800,0.128,-0.0123,-0.0044,0.00483,
2/12/2015,33.610001,2334600,0.128,0.01781,0.0159,0.00479,
2/13/2015,32.799999,1234700,0.128,0.00857,0.00774,0.00477,
2/17/2015,31.92,1728000,0.128,0.00072,-0.0164,0.00476,
2/18/2015,31.91,1054500,0.128,-0.0154,0.00594,0.00476,
2/19/2015,31.879999,556200,0.128,0.00073,0.00658,0.00476,
2/20/2015,32.59,2082300,0.128,0.00495,0.01492,0.00473,
2/23/2015,32.619999,868700,0.128,0.00492,0.00149,0.00473,
2/24/2015,32.360001,1028800,0.128,0.0049,0.00214,0.00472,
2/25/2015,32.290001,672500,0.128,-0.0007,0.00609,0.00473,
2/26/2015,32.450001,356800,0.128,-0.0033,0.00213,0.00473,
2/27/2015,31.950001,553100,0.128,-0.0065,-0.0046,0.00475,
3/2/2015,31.959999,785700,0.128,0.01387,-0.0118,0.00472,
3/3/2015,32.139999,484600,0.128,-0.0018,-0.0051,0.00474,
3/4/2015,31.889999,437100,0.128,-0.0114,-0.0107,0.00476,
3/5/2015,31.959999,486000,0.128,0.00036,-0.0035,0.00475,
3/6/2015,31.200001,694100,0.128,-0.0046,-0.0034,0.00482,
3/9/2015,31.98,776300,0.128,0.00147,0.0017,0.0048,
3/10/2015,31.1,912300,0.128,-0.0252,-0.021,0.00488,
3/11/2015,31.549999,588900,0.128,0.00769,0.00156,0.00489,
3/12/2015,31.889999,503200,0.128,0.0352,0.03509,0.00483,
3/13/2015,31.82,889900,0.128,-0.0045,-0.009,0.00486,
3/16/2015,31.950001,628200,0.128,0.00705,0.0027,0.00479,
3/17/2015,32.23,818500,0.128,0.00323,-0.0099,0.00481,
3/18/2015,31.92,630600,0.128,0.00465,0.00068,0.00475,
3/19/2015,32.369999,657000,0.128,-0.0118,-0.0061,0.00477,
3/20/2015,32.25,1497200,0.128,0.00901,0.014,0.00475,
3/23/2015,31.780001,653900,0.128,-0.0041,-0.0088,0.00476,
3/24/2015,31.65,723600,0.128,-0.0077,-0.019,0.00479,
3/25/2015,30.92,1175400,0.128,-0.0146,-0.0109,0.00486,
3/26/2015,30.610001,887900,0.128,-0.0007,-0.006,0.00487,
3/27/2015,30.059999,960600,0.128,-0.007,-0.004,0.00486,
3/30/2015,30.290001,577200,0.128,0.01201,0.00389,0.0048,
3/31/2015,30.35,1384200,0.128,-0.0068,-0.0077,0.00484,
4/1/2015,30.41,1138700,0.128,-0.0085,0.02272,0.00486,
4/2/2015,30.610001,841400,0.128,0.00797,0.00989,0.00484,
4/6/2015,29.84,1070800,0.128,-0.0053,-0.0069,0.00481,
4/7/2015,29.76,1467400,0.128,-0.0011,-0.0107,0.00482,
4/8/2015,29.969999,734300,0.128,-0.0004,0.00525,0.00481,
4/9/2015,30.139999,839500,0.128,0.00352,-0.0007,0.00479,
4/10/2015,30.59,1287800,0.128,0.0024,0.00905,0.00476,
4/13/2015,30.639999,1199500,0.128,0.00497,-0.0014,0.00478,
4/14/2015,30.52,806500,0.128,-0.0073,0.0095,0.00477,
4/15/2015,30.68,389900,0.128,0.01144,0.0089,0.00475,
4/16/2015,30.77,1208000,0.128,0,0.00797,0.00475,
4/17/2015,30.52,1361200,0.128,-0.0139,-0.0057,0.00481,
4/20/2015,30.9,2179500,0.128,0.00574,0.00694,0.00477,
4/21/2015,31.200001,1879800,0.128,-0.0015,-0.0039,0.00477,
4/22/2015,31.040001,2040200,0.128,0.00718,-0.0231,0.00475,
4/23/2015,30.959999,1391300,0.128,0.00348,0.01347,0.00474,
4/24/2015,30.82,661700,0.128,-0.0029,-0.0048,0.00472,
4/27/2015,30.620001,625500,0.128,0.00494,0.00445,0.00474,
4/28/2015,30.66,567400,0.128,0.008,0.0046,0.00473,
4/29/2015,30.74,1600200,0.128,0.0009,-0.0104,0.00475,
4/30/2015,31.15,1228600,0.128,-0.0065,-0.0058,0.0048,
5/1/2015,31.52,594800,0.128,0.00163,0.02312,0.00475,
5/4/2015,31.709999,610000,0.128,0.00978,0.00017,0.00473,
5/5/2015,31.940001,1271600,0.128,-0.0002,-0.012,0.00479,
5/6/2015,32.09,943300,0.128,-0.0144,-0.0044,0.00481,
5/7/2015,32.650002,1095500,0.128,-0.002,-0.0075,0.00479,
5/8/2015,33.200001,935900,0.128,0.02262,0.01899,0.00473,
5/11/2015,32.889999,549200,0.128,-0.0096,0.00695,0.00475,
5/12/2015,33.119999,2022500,0.128,-0.0007,-0.0089,0.00476,
5/13/2015,32.900002,1075800,0.128,0.00234,0.01409,0.00476,
5/14/2015,32.77,1449000,0.128,0.00791,0.01038,0.00471,
5/15/2015,31.809999,1300100,0.128,-0.0093,-0.0139,0.00471,
5/18/2015,31.84,796500,0.128,0.00414,0.00504,0.00469,
5/19/2015,32.060001,743100,0.128,0.01166,0.00535,0.00469,
5/20/2015,32.650002,634500,0.128,-0.0057,-0.0025,0.0047,
5/21/2015,32.470001,430400,0.128,-0.0012,-0.0062,0.00468,
5/22/2015,32.5,360600,0.128,-0.0002,-0.001,0.0047,
5/26/2015,32.119999,565500,0.128,-0.0061,-0.0141,0.00475,
5/27/2015,32.459999,346100,0.128,0.00737,0.01158,0.0047,
5/28/2015,32.529999,355800,0.128,0.0025,-0.0057,0.00471,
5/29/2015,32.290001,821900,0.128,-0.0044,-0.013,0.00474,
6/1/2015,32.41,483000,0.128,0.00143,0.00086,0.00473,
6/2/2015,32.650002,466700,0.128,0.0025,0.0012,0.00473,
6/3/2015,33.18,1834900,0.128,0.01299,0.00651,0.00472,
6/4/2015,32.75,793000,0.128,-0.0135,-0.0104,0.00476,
6/5/2015,32.799999,319000,0.128,0.00837,0.00241,0.00477,
6/8/2015,32.650002,482200,0.128,-0.0087,-0.0111,0.0048,
6/9/2015,32.860001,699900,0.128,0.01034,0.00035,0.0048,
6/10/2015,33.299999,731200,0.128,0.00899,0.01855,0.00474,
6/11/2015,33.220001,1152200,0.128,0.00087,0.008,0.00472,
6/12/2015,33.119999,489000,0.128,-0.003,0.0022,0.00476,
6/15/2015,32.970001,1670500,0.128,-0.0019,-0.0189,0.00478,
6/16/2015,32.5,632000,0.128,0.00421,-0.0027,0.00476,
6/17/2015,32.75,497600,0.128,-0.0009,0.00138,0.00475,
6/18/2015,32.82,590500,0.128,0.00927,0.01066,0.0047,
6/19/2015,32.919998,492100,0.128,-0.0113,-0.0002,0.00474,
6/22/2015,32.91,459000,0.128,0.01507,0.00647,0.00472,
6/23/2015,32.990002,664600,0.128,-0.0003,0.00626,0.00472,
6/24/2015,32.759998,521700,0.128,-0.006,-0.003,0.00475,
6/25/2015,32.810001,705700,0.128,-0.0064,-0.0047,0.00477,
6/26/2015,32.700001,2129400,0.128,0.00472,0.00135,0.00476,
6/29/2015,32.23,738700,0.128,-0.024,-0.0303,0.00487,
6/30/2015,32.93,911600,0.128,0.00321,0.00506,0.00486,
7/1/2015,33.32,570100,0.128,0.01191,0.01388,0.00482,
7/2/2015,33.139999,490000,0.128,-0.003,0.00051,0.00482,
7/6/2015,32.5,1133400,0.128,-0.0053,-0.0067,0.00484,
7/7/2015,32.5,1575200,0.128,-0.0034,0.00482,0.00481,
7/8/2015,32.009998,621500,0.128,-0.0178,-0.03,0.00489,
7/9/2015,32.599998,811700,0.128,0.00452,0.00283,0.00488,
7/10/2015,33.07,727200,0.128,0.01045,0.0111,0.00482,
7/13/2015,33.349998,1054600,0.128,0.01177,0.01865,0.00477,
7/14/2015,33.77,999800,0.128,0.00899,0.00547,0.00475,
7/15/2015,34.139999,831000,0.128,0.00926,0.00051,0.00475,
7/16/2015,34.130001,636200,0.128,0.00675,0.00867,0.00471,
7/17/2015,35.080002,1234000,0.128,-0.004,-0.0027,0.00471,
7/20/2015,35.990002,1192800,0.128,0.0019,0.00862,0.0047,
7/21/2015,35.610001,822100,0.128,-0.0017,-0.0039,0.00472,
7/22/2015,35.68,784600,0.128,0.00984,0.00118,0.00473,
7/23/2015,35.630001,507300,0.128,-0.0053,-0.038,0.00476,
7/24/2015,34.68,831300,0.128,-0.0074,-0.025,0.00481,
7/27/2015,34.619999,487500,0.128,-0.0033,-0.0102,0.00484,
7/28/2015,34.23,1762100,0.128,-0.0033,-0.0024,0.00478,
7/29/2015,34.48,1141700,0.128,0.00976,0.00526,0.00474,
7/30/2015,34.599998,989100,0.128,0.00328,0.01588,0.00474,
7/31/2015,34.360001,941800,0.128,-0.0048,-0.0084,0.00475,
8/3/2015,34.360001,569100,0.128,0.00069,-0.0118,0.00477,
8/4/2015,34.41,1227500,0.128,-0.0016,-0.0054,0.00478,
8/5/2015,34.560001,919700,0.128,-0.0029,-0.0069,0.00476,
8/6/2015,34.130001,631600,0.128,-0.0021,-0.0162,0.0048,
8/7/2015,33.98,646500,0.128,-0.001,0.02202,0.00481,
8/10/2015,34.619999,504500,0.128,0.00818,0.02027,0.00475,
8/11/2015,34.669998,942900,0.128,-0.0126,-0.0064,0.00479,
8/12/2015,34.959999,1265500,0.128,-0.0086,-0.0004,0.00479,
8/13/2015,35.16,796800,0.128,0.003,-0.0074,0.00479,
8/14/2015,35.139999,529500,0.128,0.00773,0.01597,0.00478,
8/17/2015,35.32,505700,0.128,0.00035,-0.0077,0.00475,
8/18/2015,35.139999,567200,0.128,0.00331,0.00144,0.00476,
8/19/2015,34.959999,669100,0.128,-0.0083,0.00467,0.0048,
8/20/2015,34.360001,1342300,0.128,-0.0165,-0.007,0.0049,
8/21/2015,33.720001,2185400,0.128,-0.0383,-0.0225,0.00506,
8/24/2015,33.150002,3017000,0.128,-0.0504,-0.0348,0.00528,
8/25/2015,32.990002,2338100,0.128,-0.024,-0.0208,0.00534,
8/26/2015,32.669998,2290500,0.128,0.04558,0.03355,0.00514,
8/27/2015,32.330002,2728200,0.128,0.03308,0.02756,0.00502,
8/28/2015,32.650002,1804000,0.128,-0.0091,-0.009,0.00502,
8/31/2015,32.950001,1534700,0.128,-0.0039,-0.0041,0.00506,
9/1/2015,31.709999,2032900,0.128,-0.0439,-0.0443,0.00521,
9/2/2015,31.790001,1138200,0.128,0.01961,0.00818,0.00512,
9/3/2015,32.189999,920300,0.128,0.00846,0.00831,0.00511,
9/4/2015,31.6,1590400,0.128,-0.0217,-0.0153,0.00519,
9/8/2015,32.279999,1969600,0.128,0.03198,0.02802,0.00506,
9/9/2015,32.130001,3837200,0.128,-0.014,-0.0074,0.00513,
9/10/2015,32.09,2324200,0.128,0.00709,0.00095,0.00511,
9/11/2015,31.33,2728300,0.128,0.00114,0.0021,0.00508,
9/14/2015,31.17,3086700,0.128,0.00285,-0.0042,0.0051,
9/15/2015,31.120001,2336400,0.128,0.01327,0.00973,0.00504,
9/16/2015,30.879999,2265400,0.128,0.00468,0.00926,0.005,
9/17/2015,30.77,1058900,0.128,-0.0281,-0.0037,0.00501,
9/18/2015,30.559999,2032200,0.128,-0.0224,-0.0175,0.00512,
9/21/2015,30.870001,1573300,0.128,0.00999,0.01282,0.00509,
9/22/2015,30.58,1376900,0.128,-0.0167,-0.0185,0.00516,
9/23/2015,31.059999,996300,0.128,0.00178,-0.0021,0.00517,
9/24/2015,30.83,1002700,0.128,-0.0045,-0.0075,0.00518,
9/25/2015,31.030001,552800,0.128,0.0184,0.01263,0.00518,
9/28/2015,31.16,1128800,0.128,-0.0216,-0.0288,0.00532,
9/29/2015,31.040001,890900,0.128,0.01032,0.00988,0.00532,
9/30/2015,31.299999,2178400,0.128,0.00904,0.01742,0.00522,
10/1/2015,31.379999,858800,0.128,0.00175,-0.0046,0.0052,
10/2/2015,31.82,1125400,0.128,-0.0035,0.00812,0.00513,
10/5/2015,33.310001,1210200,0.128,0.02243,0.04562,0.00504,
10/6/2015,32.799999,1247700,0.128,-0.0073,0.00018,0.00506,
10/7/2015,32.130001,1733800,0.128,0.00308,0.01265,0.00501,
10/8/2015,32.360001,763600,0.128,0.00671,0.00851,0.00497,
10/9/2015,32.389999,339200,0.128,-0.0076,0.00072,0.00497,
10/12/2015,32.34,376000,0.128,0.00077,-0.0039,0.00496,
10/13/2015,31.82,1163500,0.128,-0.0061,-0.0074,0.00499,
10/14/2015,31.530001,1311900,0.128,-0.0069,-0.0093,0.00502,
10/15/2015,31.32,9633600,0.128,0.02311,0.01355,0.00494,
10/16/2015,30.15,11814800,0.128,0.00361,0.00614,0.00492,
10/19/2015,31.34,18520900,0.128,-0.0061,-0.0127,0.00492,
10/20/2015,32.34,11089000,0.128,0.00989,-0.0049,0.00492,
10/21/2015,32.459999,7452600,0.128,0.00075,0.00493,0.00495,
10/22/2015,31.83,6705900,0.128,0.0177,0.01618,0.00487,
10/23/2015,31.690001,7348400,0.128,0.01276,0.02183,0.00482,
10/26/2015,31.4,7209500,0.128,-0.0084,-0.0063,0.00483,
10/27/2015,31.73,7722400,0.128,-0.0031,-0.0093,0.00484,
10/28/2015,31.450001,7079900,0.128,0.02458,0.02206,0.00479,
10/29/2015,30.92,8120700,0.128,-0.0065,-0.0089,0.00479,
10/30/2015,30.76,8618300,0.128,-0.0172,-0.0126,0.00481,
11/2/2015,31.33,5771600,0.128,0.01311,0.00107,0.00475,
11/3/2015,32.439999,16475700,0.128,0.00146,0.00124,0.00474,
11/4/2015,32.080002,12605700,0.128,-0.0064,0.00035,0.00475,
11/5/2015,32.610001,10719300,0.128,0.00513,0.00958,0.00476,
11/6/2015,33.98,15380600,0.128,0.01805,0.0123,0.00476,
11/9/2015,32.52,18958300,0.128,-0.0068,-0.0085,0.00481,
11/10/2015,31.08,38506400,0.128,0.00793,-0.0012,0.00479,
11/11/2015,30.93,42150400,0.128,-0.002,-0.0023,0.00481,
11/12/2015,30.790001,41436500,0.128,-0.0113,-0.016,0.00488,
11/13/2015,30.52,31691300,0.128,-0.0109,-0.0054,0.00494,
11/16/2015,30.290001,25446400,0.128,0.01283,0.01472,0.00486,
11/17/2015,30.58,128981900,0.128,-0.0056,-0.0103,0.00487,
11/18/2015,31.59,28032000,0.128,0.01292,0.0193,0.00479,
11/19/2015,31.65,29435000,0.128,0.00539,0.01087,0.0048,
11/20/2015,31.35,19894000,0.128,-0.0027,-0.0109,0.00478,
11/23/2015,31.549999,26616000,0.128,-0.0039,-0.0019,0.00478,
11/24/2015,31.34,47529200,0.128,-0.0058,-0.0018,0.00478,
11/25/2015,31.530001,15495500,0.128,-0.0011,0.00106,0.00478,
11/27/2015,31.35,8373700,0.128,0.00308,-0.0004,0.00477,
11/30/2015,31.83,20246500,0.128,-0.0052,-0.0016,0.00479,
12/1/2015,32.41,11681600,0.128,0.01107,0.00687,0.00475,
12/2/2015,31.84,8992400,0.128,-0.0113,-0.0199,0.0048,
12/3/2015,31.09,20610900,0.128,-0.016,-0.0125,0.00486,
12/4/2015,32.029999,15782100,0.128,0.02712,0.01971,0.00477,
12/7/2015,31.35,11885500,0.128,-0.0045,-0.0021,0.0048,
12/8/2015,31.360001,15178000,0.128,-0.0184,-0.0229,0.00483,
12/9/2015,30.610001,16063100,0.128,-0.0051,-0.0165,0.00487,
12/10/2015,31.049999,9437100,0.128,0.00407,0.00351,0.00486,
12/11/2015,29.969999,10431600,0.128,-0.019,-0.028,0.00495,
12/14/2015,29.68,15732000,0.128,-0.0021,-0.0038,0.00493,
12/15/2015,30.08,9655600,0.128,0.03214,0.02512,0.00488,
12/16/2015,30.530001,8651500,0.128,0.01712,0.01931,0.00481,
12/17/2015,30.01,8002800,0.128,-0.0068,-0.0188,0.00488,
12/18/2015,29.51,15187400,0.128,-0.0303,-0.0267,0.005,
12/21/2015,29.73,5809900,0.128,0.00428,0.01716,0.00496,
12/22/2015,30.209999,6516100,0.128,0.00592,0.01219,0.00491,
12/23/2015,30.51,4824400,0.128,0.01288,0.015,0.00485,
12/24/2015,30.6,1499000,0.128,-0.004,-0.0005,0.00486,
12/28/2015,30.17,3809000,0.128,-0.0026,-0.0077,0.00487,
12/29/2015,30.690001,3436900,0.128,0.01116,0.00791,0.00482,
12/30/2015,30.43,2640800,0.128,-0.0072,-0.0097,0.00486,
12/31/2015,30.41,3804900,0.128,-0.0097,-0.0116,0.00491,
1/4/2016,29.940001,8771100,0.127,-0.0267,-0.017,0.00497,
1/5/2016,30.110001,7438000,0.127,-0.0004,-0.0023,0.00497,
1/6/2016,29.9,9158200,0.127,-0.0191,-0.0196,0.00503,
1/7/2016,29.120001,11194100,0.127,-0.0285,-0.0186,0.00515,
1/8/2016,28.84,10400000,0.127,-0.0167,-0.0125,0.00521,
1/11/2016,28.700001,11651900,0.127,0.01069,0.01041,0.00521,
1/12/2016,28.9,8363300,0.127,0.02535,0.0101,0.00516,
1/13/2016,27.57,15222300,0.127,-0.0317,-0.0314,0.0053,
1/14/2016,28.18,20004800,0.127,0.0183,0.01538,0.00521,
1/15/2016,27.639999,14396200,0.127,-0.0359,-0.0199,0.00532,
1/19/2016,28.030001,9772000,0.127,-0.0125,-0.0051,0.00532,
1/20/2016,27.620001,9686700,0.127,-0.0071,-0.0033,0.00539,
1/21/2016,27.73,9065900,0.127,0.00292,-0.0068,0.00536,
1/22/2016,29.059999,16868400,0.127,0.02104,0.00351,0.00525,
1/25/2016,28.48,9094400,0.127,-0.0277,-0.0206,0.00533,
1/26/2016,28.66,7500700,0.127,0.01259,0.01681,0.00526,
1/27/2016,28.440001,8640000,0.127,0.00642,0.00682,0.00532,
1/28/2016,27.99,12522100,0.127,0.00721,-0.0798,0.00529,
1/29/2016,28.42,15306500,0.127,0.02678,0.02141,0.00516,
2/1/2016,28.469999,6804500,0.127,-0.0058,0.00568,0.00516,
2/2/2016,27.01,15173400,0.127,-0.0222,-0.0221,0.00526,
2/3/2016,26.34,24158300,0.127,-0.0252,0.00822,0.00523,
2/4/2016,26.309999,16837300,0.127,0.01366,0.02004,0.00522,
2/5/2016,25.23,15336200,0.127,-0.0081,-0.0013,0.00532,
2/8/2016,24.48,16427000,0.127,-0.0284,-0.0246,0.00539,
2/9/2016,25.08,13278100,0.127,-0.0011,0.01685,0.00539,
2/10/2016,25.01,7275500,0.127,-0.006,-0.0022,0.0054,
2/11/2016,24.5,12026000,0.127,-0.0219,-0.0551,0.00547,
2/12/2016,25.370001,6712000,0.127,0.04761,0.02936,0.00536,
2/16/2016,26.139999,9707100,0.127,0.01966,0.02583,0.00527,
2/17/2016,26.27,10161400,0.127,-0.0023,0.01686,0.00518,
2/18/2016,26.620001,8378400,0.127,-0.0083,-0.0011,0.00521,
2/19/2016,26.77,7630600,0.127,0.00754,-0.0052,0.00521,
2/22/2016,27.709999,10824900,0.127,0.02287,0.02579,0.00513,
2/23/2016,27.51,11508900,0.127,-0.0222,-0.0186,0.0052,
2/24/2016,27.73,8471500,0.127,-0.0102,0.00538,0.00518,
2/25/2016,27.780001,6595900,0.127,0.00294,0.00963,0.00511,
2/26/2016,27.93,8585900,0.127,0.0067,-0.0002,0.00513,
2/29/2016,26.950001,10730000,0.127,-0.0239,-0.0155,0.00517,
3/1/2016,27.530001,11207200,0.127,0.03836,0.02477,0.00505,
3/2/2016,28.25,10265600,0.127,0.01745,0.01093,0.00503,
3/3/2016,28.559999,8978800,0.127,0.00403,0.01393,0.00501,
3/4/2016,28.6,6100900,0.127,0.00683,-0.0047,0.00499,
3/7/2016,28.52,6311600,0.127,-0.0008,0.00309,0.00499,
3/8/2016,27.700001,6172900,0.127,-0.0204,-0.009,0.00504,
3/9/2016,27.68,6986500,0.127,-0.0053,-0.005,0.00502,
3/10/2016,27.809999,6059300,0.127,-0.0057,0.00646,0.00501,
3/11/2016,28.82,8137100,0.127,0.03216,0.01801,0.00493,
3/14/2016,28.450001,3516300,0.127,-0.0038,-0.0108,0.00494,
3/15/2016,27.68,7092500,0.127,0.002,0.00123,0.00495,
3/16/2016,27.620001,9234000,0.127,-0.0088,0.00267,0.00492,
3/17/2016,28.1,8940500,0.127,0.00384,0.01392,0.00489,
3/18/2016,28.459999,10736400,0.127,0.01629,0.02161,0.00489,
3/21/2016,28.790001,6588800,0.127,0.00257,-0.0036,0.00489,
3/22/2016,28.610001,5258700,0.127,-0.0059,-0.0048,0.00489,
3/23/2016,28.42,4987700,0.127,-0.0121,-0.0062,0.00492,
3/24/2016,28.450001,4163800,0.127,-0.0173,-0.0036,0.00492,
3/28/2016,28.379999,3162900,0.127,-0.0041,-0.0081,0.00492,
3/29/2016,28.4,5980600,0.127,-0.0133,0.02029,0.00488,
3/30/2016,28.379999,4875900,0.127,0.01249,-0.0004,0.00485,
3/31/2016,28.66,5304900,0.127,-0.006,0.01313,0.00487,
4/1/2016,29.33,8118500,0.127,0.00186,0.00923,0.00483,
4/4/2016,28.969999,3868200,0.127,0.00103,-0.0123,0.00485,
4/5/2016,28.610001,5062000,0.127,-0.0204,0.00906,0.0049,
4/6/2016,28.65,4227800,0.127,0.012,-0.0004,0.00484,
4/7/2016,27.969999,6413400,0.127,-0.0239,-0.0184,0.0049,
4/8/2016,28.02,6296500,0.127,0.00298,0.00577,0.00489,
4/11/2016,27.870001,5655800,0.127,-0.0008,0.0004,0.0049,
4/12/2016,28.16,6137100,0.127,0.01573,0.01819,0.00486,
4/13/2016,28.92,7194700,0.127,0.02638,0.02175,0.00481,
4/14/2016,29.08,4526600,0.127,-0.0049,-0.0055,0.00481,
4/15/2016,28.940001,3216300,0.127,-0.0111,-0.0086,0.00481,
4/18/2016,29.129999,2618500,0.127,0.01223,0.00154,0.00478,
4/19/2016,29.82,7751600,0.127,0.02129,0.01155,0.00476,
4/20/2016,30.67,11727100,0.127,0.01143,0.08164,0.00476,
4/21/2016,30.42,6627600,0.127,-0.0079,-0.0084,0.00479,
4/22/2016,30.5,9138500,0.127,0.01139,0.00266,0.00479,
4/25/2016,30.440001,5870200,0.127,-0.0022,0.00655,0.00479,
4/26/2016,31.16,7473100,0.127,0.00812,0.00334,0.00479,
4/27/2016,30.879999,7985000,0.127,0.0002,0.00175,0.00478,
4/28/2016,30.969999,5919300,0.127,-0.0102,-0.0086,0.00482,
4/29/2016,30.57,4897800,0.127,-0.0085,-0.0072,0.00485,
5/2/2016,31.33,6897400,0.127,0.0122,0.00231,0.00481,
5/3/2016,31.08,5487300,0.127,-0.0117,-0.0151,0.00485,
5/4/2016,30.24,6927400,0.127,-0.0212,-0.0072,0.00488,
5/5/2016,29.83,5835800,0.127,0.00041,-0.0058,0.00488,
5/6/2016,30.08,6064900,0.127,0.00123,0.0073,0.00486,
5/9/2016,29.959999,2890900,0.127,-0.0029,-0.0013,0.00486,
5/10/2016,30.559999,3707600,0.127,0.01064,0.0145,0.0048,
5/11/2016,29.93,7770200,0.127,-0.0065,-0.0105,0.00484,
5/12/2016,29.42,9348800,0.127,0.00244,-0.0013,0.00484,
5/13/2016,29.040001,6895200,0.127,-0.0195,-0.0159,0.00488,
5/16/2016,28.940001,7667200,0.127,0.00062,0.00037,0.00484,
5/17/2016,29.27,6261900,0.127,-0.0135,-0.0129,0.00488,
5/18/2016,30.110001,7386000,0.127,0.02163,0.01544,0.00488,
5/19/2016,29.940001,6118500,0.127,-0.0055,-0.0024,0.0049,
5/20/2016,29.879999,4904800,0.127,0.00765,0.009,0.00487,
5/23/2016,29.83,3354900,0.127,-0.001,-0.0042,0.00487,
5/24/2016,30.299999,4699200,0.127,0.01027,0.01883,0.00481,
5/25/2016,30.66,6028900,0.127,0.02642,0.01525,0.00478,
5/26/2016,30.889999,5610800,0.127,0.00099,-0.0069,0.00478,
5/27/2016,31.16,5267800,0.127,0.00593,0.0105,0.00476,
5/31/2016,31.200001,5877600,0.127,-0.0026,0.00053,0.00477,
6/1/2016,31.290001,3105600,0.127,0.00552,0.00264,0.00476,
6/2/2016,31.280001,6280100,0.127,0.00216,0.00334,0.00474,
6/3/2016,30.719999,5753400,0.127,-0.018,-0.0121,0.00476,
6/6/2016,31.030001,6480600,0.127,0.00598,0.01505,0.00473,
6/7/2016,31.610001,10576600,0.127,-0.0044,0.0007,0.00472,
6/8/2016,31.950001,7481400,0.127,-0.0054,0.0007,0.00471,
6/9/2016,31.41,5764600,0.127,-0.0172,-0.0103,0.00472,
6/10/2016,30.799999,5913200,0.127,-0.0163,-0.0088,0.00476,
6/13/2016,30.440001,5938200,0.127,-0.0077,-0.0139,0.0048,
6/14/2016,26.450001,66008700,0.127,-0.0227,-0.0405,0.00481,
6/15/2016,26.5,26797600,0.127,-0.0021,-0.0028,0.00481,
6/16/2016,26,21833200,0.127,0.0015,-0.01,0.0048,
6/17/2016,25.77,18246400,0.127,-0.0053,0.00399,0.00484,
6/20/2016,25.549999,18357500,0.127,0.00708,0.0072,0.00481,
6/21/2016,25.85,12099400,0.127,0.00639,0.00188,0.0048,
6/22/2016,25.5,14686600,0.127,-0.0055,-0.0002,0.00481,
6/23/2016,26,10441200,0.127,0.02001,0.01896,0.00474,
6/24/2016,24.639999,16053500,0.127,-0.0459,-0.0459,0.00492,
6/27/2016,23.360001,14954600,0.127,-0.0153,-0.0209,0.00501,
6/28/2016,23.93,12055200,0.127,0.02422,0.00868,0.00492,
6/29/2016,24.83,8153600,0.127,0.01887,0.02659,0.00484,
6/30/2016,25.280001,10654600,0.127,0.00766,0.02057,0.00477,
7/1/2016,25.35,6368800,0.127,-0.0063,0.00187,0.00476,
7/5/2016,25.120001,7663900,0.127,-0.0174,-0.0253,0.0048,
7/6/2016,25.309999,6206600,0.127,0.00952,0.01051,0.00477,
7/7/2016,26.02,14370600,0.127,0.00322,0.00643,0.00477,
7/8/2016,27.309999,12653100,0.127,0.02115,0.03307,0.0047,
7/11/2016,27.67,6781600,0.127,0.00607,0.012,0.00469,
7/12/2016,27.92,7635200,0.127,0.00562,0.01887,0.00465,
7/13/2016,28.120001,5206400,0.127,-0.0017,0.00035,0.00465,
7/14/2016,28.299999,5896100,0.127,0.01388,0.01287,0.00463,
7/15/2016,28.120001,7254200,0.127,-0.0251,-0.0003,0.00463,
7/18/2016,28.290001,5102600,0.127,0.01195,-0.0057,0.00462,
7/19/2016,28.25,5232100,0.127,0.00186,-0.0019,0.00463,
7/20/2016,28.139999,8941800,0.127,0.00496,-0.0119,0.00461,
7/21/2016,28.26,7627400,0.127,-0.0064,-0.0036,0.00462,
7/22/2016,28.4,11844000,0.127,0.00041,0.00873,0.0046,
7/25/2016,28.09,7300000,0.127,-0.0041,0.00071,0.00462,
7/26/2016,28.110001,7762300,0.127,-0.0031,-0.0018,0.00461,
7/27/2016,28.139999,5204900,0.127,0.00063,0.0023,0.00462,
7/28/2016,27.91,7416700,0.127,0.00271,0.00388,0.00461,
7/29/2016,27.879999,8307500,0.127,-0.0033,-0.0007,0.00461,
8/1/2016,27.91,7053400,0.127,-0.0033,-0.0088,0.00461,
8/2/2016,27.35,8237400,0.127,-0.0023,-0.0144,0.00464,
8/3/2016,27.870001,6342500,0.127,-0.0027,0.01441,0.00463,
8/4/2016,27.92,4166800,0.127,0.00568,0.0032,0.00462,
8/5/2016,28.219999,5337600,0.127,0.01756,0.02265,0.00458,
8/8/2016,28.040001,3884200,0.127,0.00472,0.00294,0.00459,
8/9/2016,27.879999,7132600,0.127,0.00041,-0.0009,0.00458,
8/10/2016,27.65,6786400,0.127,-0.0153,-0.0081,0.00459,
8/11/2016,27.610001,5070700,0.127,0.00125,0.01062,0.00457,
8/12/2016,27.68,6822900,0.127,-0.007,0.00207,0.00458,
8/15/2016,27.74,4782100,0.127,0.00772,0.00069,0.00456,
8/16/2016,27.299999,5086400,0.127,0.00352,-0.0036,0.00459,
8/17/2016,27.379999,5611000,0.127,0.00351,0.00138,0.00458,
8/18/2016,27.290001,5091300,0.127,-0.0016,0.00069,0.00457,
8/19/2016,27.379999,4949300,0.127,0.00247,-0.0043,0.00458,
8/22/2016,27.27,3294400,0.127,-0.0004,-0.0024,0.00458,
8/23/2016,27.280001,3644700,0.127,-0.0045,0.00589,0.00457,
8/24/2016,27.120001,4352000,0.127,0.00454,-0.0045,0.00459,
8/25/2016,27.01,3224400,0.127,-0.0051,0.00346,0.00459,
8/26/2016,26.860001,7739100,0.127,0.00269,0.00776,0.0046,
8/29/2016,27.17,3718700,0.127,0.02165,0.0118,0.00458,
8/30/2016,27.299999,3362700,0.127,0.02139,0.00845,0.00459,
8/31/2016,27.83,7819300,0.127,0.00356,0.00587,0.0046,
9/1/2016,27.76,5099200,0.127,-0.0073,-0.0067,0.0046,
9/2/2016,27.799999,3544500,0.127,0.00238,0.00705,0.00458,
9/6/2016,27.610001,4833400,0.127,-0.0111,-0.0058,0.00457,
9/7/2016,27.809999,2803100,0.127,-0.0044,-0.0022,0.00457,
9/8/2016,27.34,9421800,0.127,0.00261,0.00302,0.00458,
9/9/2016,26.93,6698300,0.127,-0.0236,-0.0164,0.00469,
9/12/2016,27.41,6655000,0.127,-0.0037,0.01413,0.00462,
9/13/2016,26.719999,8611500,0.127,-0.0326,-0.0259,0.00469,
9/14/2016,26.83,6645300,0.127,-0.0094,-0.01,0.00469,
9/15/2016,27.049999,5053300,0.127,-0.008,0.00418,0.00465,
9/16/2016,26.91,13467200,0.127,-0.0156,-0.0104,0.00469,
9/19/2016,27.040001,5029100,0.127,0.01277,0.0028,0.00469,
9/20/2016,26.799999,3696300,0.127,0.01195,-0.0051,0.00469,
9/21/2016,27.059999,6989700,0.127,-0.0157,0.00843,0.00463,
9/22/2016,27.48,6321900,0.127,-0.0024,0.00627,0.0046,
9/23/2016,27.389999,5886600,0.127,0.00044,-0.0071,0.00463,
9/26/2016,27.299999,7150600,0.127,-0.0188,-0.0115,0.00467,
9/27/2016,27.809999,5904000,0.127,0.00468,0.00599,0.00464,
9/28/2016,27.82,4815400,0.127,0.00488,-0.0004,0.00462,
9/29/2016,27.370001,5794200,0.127,-0.0207,-0.0181,0.00466,
9/30/2016,28,7039800,0.127,-0.002,0.00946,0.00462,
10/3/2016,27.58,7193600,0.127,-0.0102,0.00106,0.00463,
10/4/2016,27.33,9736500,0.127,-0.0018,-0.0018,0.00466,
10/5/2016,27.940001,8118600,0.127,0.02834,0.01044,0.00464,
10/6/2016,26.99,11432300,0.127,0.00422,-0.0075,0.00463,
10/7/2016,26.67,11058200,0.127,0.00332,-0.0048,0.00465,
10/10/2016,26.73,14331800,0.127,0.00706,0.00106,0.00463,
10/11/2016,26.540001,7960300,0.127,-0.0044,-0.0172,0.00469,
10/12/2016,26.51,5161800,0.127,-0.0029,0.00036,0.00468,
10/13/2016,26.370001,5588500,0.127,-0.0126,-0.018,0.00469,
10/14/2016,26.700001,6678400,0.127,-0.0009,0.00569,0.00469,
10/17/2016,26.42,5834100,0.127,-0.0047,-0.0064,0.00471,
10/18/2016,26.639999,6227300,0.127,0.01011,0.00624,0.00468,
10/19/2016,27,4252100,0.127,0.0069,0.01003,0.00467,
10/20/2016,27.129999,10757400,0.127,-0.0073,0.00361,0.00468,
10/21/2016,28.23,13331900,0.127,0.00356,-0.0038,0.00467,
10/24/2016,28.790001,9113400,0.127,0.00954,0.01915,0.00465,
10/25/2016,28.58,5785600,0.127,0.00439,-0.0048,0.00467,
10/26/2016,28.700001,5130800,0.127,0.00941,0.01336,0.00468,
10/27/2016,28.940001,5431600,0.127,0.00563,-0.003,0.00469,
10/28/2016,29.1,7759600,0.127,-0.0039,-0.0026,0.0047,
10/31/2016,28.59,6857200,0.127,-0.0048,-0.0042,0.0047,
11/1/2016,28.559999,7629200,0.127,-0.0004,-0.0048,0.00474,
11/2/2016,28.42,6112400,0.127,-0.0163,-0.0061,0.00477,
11/3/2016,28.129999,4990500,0.127,0.00221,0.00538,0.00479,
11/4/2016,28.219999,5915100,0.127,-0.0163,0.00089,0.0048,
11/7/2016,29.110001,6653400,0.127,0.01794,0.02978,0.00469,
11/8/2016,28.700001,5310100,0.127,0.00308,-0.0083,0.00467,
11/9/2016,30.219999,11493400,0.127,0.0538,0.05292,0.00462,
11/10/2016,31.610001,11400100,0.127,0.07585,0.0549,0.00461,
11/11/2016,32.48,16845100,0.127,0.00194,0.01525,0.00462,
11/14/2016,33.720001,12311900,0.127,0.0288,0.03299,0.00462,
11/15/2016,33.34,10573000,0.127,-0.0118,-0.0055,0.00458,
11/16/2016,32.610001,9094700,0.127,-0.0173,-0.0163,0.00459,
11/17/2016,33.43,10709700,0.127,0.01567,0.01165,0.00457,
11/18/2016,33.619999,7069500,0.127,0.00629,0.00348,0.00458,
11/21/2016,33.619999,7134600,0.127,-0.0133,0.00589,0.00454,
11/22/2016,33.970001,8149800,0.127,0.00192,0.00795,0.00453,
11/23/2016,34.959999,11393300,0.127,-0.0011,0.01668,0.00453,
11/25/2016,34.700001,3022500,0.127,0.00882,0.0019,0.00451,
11/28/2016,33.900002,6247700,0.127,-0.0198,-0.0096,0.00454,
11/29/2016,33.799999,4282500,0.127,0.00543,-0.0019,0.00453,
11/30/2016,34.560001,8560700,0.127,0.02044,0.00222,0.00454,
12/1/2016,35.07,9961900,0.127,0.02683,0.00428,0.00455,
12/2/2016,34.490002,7112600,0.127,-0.014,-0.0118,0.00455,
12/5/2016,35.110001,5922700,0.127,0.01437,0.00282,0.00452,
12/6/2016,35.66,5031200,0.127,0.02208,0.01379,0.00451,
12/7/2016,36.18,6103300,0.127,0.03114,0.04738,0.00445,
12/8/2016,36.650002,6651600,0.127,0.00017,0.006,0.00444,
12/9/2016,36.529999,5659600,0.127,-0.0026,0.01069,0.00441,
12/12/2016,35.939999,6647500,0.127,-0.0238,-0.0157,0.00442,
12/13/2016,36.27,7663400,0.127,0.00108,0.00223,0.00439,
12/14/2016,35.939999,9938400,0.127,-0.0204,-0.0085,0.00443,
12/15/2016,36.93,11704400,0.127,0.00896,0.01741,0.00441,
12/16/2016,36.630001,7000100,0.127,0.00272,-0.0108,0.00444,
12/19/2016,36.900002,5526600,0.127,-0.0022,0.00683,0.00443,
12/20/2016,37.259998,5100600,0.127,0.01594,0.01385,0.00442,
12/21/2016,37.099998,2778300,0.127,-0.007,-0.004,0.00443,
12/22/2016,36.880001,3958900,0.127,0.00072,-0.0064,0.00444,
12/23/2016,36.970001,2970500,0.127,0.00377,0.00304,0.00443,
12/27/2016,37,2208400,0.127,-0.0002,0.00248,0.00442,
12/28/2016,36.240002,4830700,0.127,-0.0113,-0.0125,0.00446,
12/29/2016,36.09,3486900,0.127,-0.0087,-0.0008,0.00446,
12/30/2016,36.27,3452600,0.127,0.00492,0.00334,0.00447,
1/3/2017,37.060001,6058100,0.151,0.01615,0.00888,0.00444,
1/4/2017,37.93,6040100,0.151,0.00089,0.01664,0.00441,
1/5/2017,36.91,6850800,0.151,-0.0155,-0.0141,0.00442,
1/6/2017,37.130001,5110200,0.151,-0.0025,-0.0115,0.0044,
1/9/2017,36.900002,3955400,0.151,-0.0145,-0.0061,0.00442,
1/10/2017,36.959999,5033200,0.151,0.00701,0.00684,0.00442,
1/11/2017,36.360001,11639100,0.151,0.0033,-0.0064,0.0044,
1/12/2017,36.130001,6484300,0.151,-0.0055,-0.0047,0.00441,
1/13/2017,36.32,4401200,0.151,0.01486,0.00491,0.0044,
1/17/2017,35.509998,4693300,0.151,-0.0277,-0.0246,0.00442,
1/18/2017,35.900002,3943600,0.151,0.00911,0.00658,0.00441,
1/19/2017,35.610001,6150000,0.151,0.00571,-0.0051,0.00443,
1/20/2017,36.240002,8954500,0.151,0.00898,0.00286,0.00441,
1/23/2017,35.77,6846600,0.151,-0.0149,-0.0131,0.00442,
1/24/2017,36.080002,4117800,0.151,0.00829,0.00866,0.00439,
1/25/2017,35.91,6387200,0.151,0.0351,-0.0096,0.00436,
1/26/2017,36.689999,7572200,0.151,0.00989,0.00202,0.00436,
1/27/2017,36.630001,5956700,0.151,-0.0103,-0.0042,0.00437,
1/30/2017,36.470001,4665100,0.151,-0.009,0.00825,0.00439,
1/31/2017,35.82,5993100,0.151,0.00446,-0.005,0.0044,
2/1/2017,36,5258000,0.151,-0.0075,-0.0074,0.00439,
2/2/2017,35.34,5636500,0.151,-0.0029,-0.0103,0.00439,
2/3/2017,36.509998,7493400,0.151,0.02726,0.0191,0.00436,
2/6/2017,36.450001,4385600,0.151,-0.0126,-0.001,0.00437,
2/7/2017,36.049999,5583400,0.151,-0.0037,-0.0113,0.00437,
2/8/2017,35.77,4228700,0.151,-0.0126,-0.0051,0.00436,
2/9/2017,36.490002,4838600,0.151,0.01977,0.01159,0.00434,
2/10/2017,36.220001,5527100,0.151,0.00229,-0.0019,0.00432,
2/13/2017,36.650002,7151700,0.151,0.00387,0.01104,0.0043,
2/14/2017,37.32,4599000,0.151,0.01577,0.01825,0.00428,
2/15/2017,37.279999,4296900,0.151,0.00983,0.00099,0.00426,
2/16/2017,36.849998,3616200,0.151,-0.0073,-0.0011,0.00426,
2/17/2017,36.68,5917000,0.151,-0.0005,0.00649,0.00425,
2/21/2017,36.860001,3842900,0.151,0.00275,-0.0001,0.00423,
2/22/2017,36.779999,2658500,0.151,0.00189,-0.0017,0.00423,
2/23/2017,36.630001,3122300,0.151,0.00223,0.00407,0.00423,
2/24/2017,36.48,4575000,0.151,-0.0116,-0.0034,0.00422,
2/27/2017,36.939999,4195900,0.151,0.00432,0.00576,0.00422,
2/28/2017,36.240002,7566900,0.151,-0.0031,-0.0068,0.00423,
3/1/2017,36.889999,5994500,0.151,0.03196,0.01771,0.00417,
3/2/2017,35.970001,6618900,0.151,-0.0171,-0.0185,0.0042,
3/3/2017,36.049999,5091900,0.151,0.00307,0.00478,0.00419,
3/6/2017,35.580002,5115900,0.151,-0.0048,-0.0081,0.00421,
3/7/2017,35.599998,4149400,0.151,-0.0053,0.00226,0.00422,
3/8/2017,35.709999,3679900,0.151,-0.0015,0.00535,0.00423,
3/9/2017,35.849998,3208000,0.151,0.00842,-0.001,0.00422,
3/10/2017,36.009998,4307300,0.151,0.00256,0.00323,0.00421,
3/13/2017,36.029999,3894100,0.151,-0.0025,-0.0028,0.00421,
3/14/2017,35.919998,3579900,0.151,0.00102,0.00673,0.00422,
3/15/2017,35.799999,6428700,0.151,-0.0009,-0.0163,0.00418,
3/16/2017,35.830002,4818400,0.151,0.01039,0.00524,0.00419,
3/17/2017,35.119999,10581400,0.151,-0.011,-0.0097,0.00422,
3/20/2017,34.200001,9393700,0.151,-0.0177,-0.0061,0.00422,
3/21/2017,33.02,11893000,0.151,-0.0309,-0.0326,0.00428,
3/22/2017,33.080002,8907100,0.151,-0.0093,0.00089,0.00427,
3/23/2017,33.43,6455500,0.151,-0.0014,-0.0035,0.00427,
3/24/2017,33.310001,4682500,0.151,0.0105,-0.0031,0.00428,
3/27/2017,32.740002,8790100,0.151,-0.0079,-0.0062,0.00428,
3/28/2017,33.66,6438000,0.151,0.01029,0.01647,0.00425,
3/29/2017,33.779999,4487100,0.151,-0.0052,-0.0034,0.00425,
3/30/2017,34.43,5122200,0.151,0.01024,0.01478,0.00423,
3/31/2017,34.299999,5031400,0.151,-0.0103,-0.0039,0.00424,
4/3/2017,33.759998,6171300,0.151,-0.0031,-0.0064,0.00425,
4/4/2017,33.73,2556000,0.151,-0.0052,-0.0132,0.00425,
4/5/2017,33.259998,5021000,0.151,-0.004,-0.0139,0.00426,
4/6/2017,33.23,10510500,0.151,0.00709,0.0062,0.00425,
4/7/2017,33.16,3734700,0.151,-0.0096,-0.0083,0.00425,
4/10/2017,32.869999,6846200,0.151,-0.0055,-0.0083,0.00425,
4/11/2017,33.049999,6759700,0.151,-0.007,0.00917,0.00425,
4/12/2017,32.810001,4596100,0.151,-0.0192,-0.0085,0.00427,
4/13/2017,32.369999,5266500,0.151,-0.0333,-0.0107,0.0043,
4/17/2017,33.02,4183900,0.151,0.02668,0.01405,0.00426,
4/18/2017,32.849998,4971700,0.151,-0.0051,-0.0097,0.00428,
4/19/2017,33,3358600,0.151,-0.0057,-0.0011,0.00428,
4/20/2017,33.849998,5408300,0.151,0.02589,0.02647,0.00425,
4/21/2017,33.380001,4729700,0.151,-0.0093,-0.0069,0.00426,
4/24/2017,33.900002,4231800,0.151,0.01226,0.01027,0.00422,
4/25/2017,33.82,6164900,0.151,0.01696,0.00553,0.00419,
4/26/2017,33.23,11545900,0.151,-0.0004,-0.0305,0.00419,
4/27/2017,33.049999,7139800,0.151,-0.0018,-0.014,0.00419,
4/28/2017,27.799999,46357600,0.151,-0.011,-0.0269,0.0042,
5/1/2017,27.940001,22971500,0.151,0.01152,-0.0099,0.00419,
5/2/2017,28.870001,25490600,0.151,0.00147,-0.0006,0.00419,
5/3/2017,28.77,14287700,0.151,0.00568,-0.0128,0.00419,
5/4/2017,28.67,9812900,0.151,0.00602,-0.0096,0.00419,
5/5/2017,28.610001,10945300,0.151,-0.0013,-0.0041,0.00417,
5/8/2017,28.379999,8054600,0.151,-0.0013,0.00216,0.00417,
5/9/2017,28.1,8665700,0.151,-0.0065,0.00447,0.00418,
5/10/2017,27.76,11018200,0.151,0.00073,-0.0064,0.00417,
5/11/2017,26.93,14155000,0.151,-0.0179,-0.0012,0.00418,
5/12/2017,26.59,23145000,0.151,-0.0134,0.0005,0.00418,
5/15/2017,27.110001,14541200,0.151,0.00566,0.00896,0.00416,
5/16/2017,26.84,11191800,0.151,-0.0011,-0.0105,0.00417,
5/17/2017,26.5,11761900,0.151,-0.0192,-0.0221,0.00424,
5/18/2017,26.5,7949500,0.151,0.00268,0.00748,0.00422,
5/19/2017,26.84,13465100,0.151,0.01298,0.014,0.0042,
5/22/2017,26.91,9221600,0.151,-0.0009,-0.0067,0.00418,
5/23/2017,26.84,6534500,0.151,0.00717,0.0005,0.00417,
5/24/2017,26.799999,9157300,0.151,-0.0056,-0.009,0.00416,
5/25/2017,27.23,12800800,0.151,-0.0058,-0.0027,0.00414,
5/26/2017,27.370001,11451700,0.151,-0.007,0.01287,0.00414,
5/30/2017,27.1,9631400,0.151,-0.0048,-0.0157,0.00414,
5/31/2017,26.85,9204200,0.151,-0.0196,-0.0027,0.00414,
6/1/2017,27.219999,8658400,0.151,0.01838,0.0063,0.00411,
6/2/2017,27.4,12368500,0.151,-0.0052,-0.0027,0.0041,
6/5/2017,27.959999,10972400,0.151,-0.0017,0.00187,0.0041,
6/6/2017,28.290001,14205500,0.151,0.00174,-0.0056,0.00411,
6/7/2017,28.870001,16055500,0.151,0.0054,0.01159,0.0041,
6/8/2017,28.67,8528500,0.151,0.00902,0.00606,0.0041,
6/9/2017,28.700001,7848000,0.151,0.02359,0.01406,0.00411,
6/12/2017,28.76,5666100,0.151,0.00539,0.00264,0.00411,
6/13/2017,28.99,5308200,0.151,0.00666,0.01037,0.00409,
6/14/2017,29.23,10163500,0.151,0.00147,-0.0119,0.00409,
6/15/2017,29.469999,8638100,0.151,-0.0116,0.00148,0.0041,
6/16/2017,29.33,6828300,0.151,-0.0002,0.00626,0.00412,
6/19/2017,29.42,6875200,0.151,0.00649,0.00065,0.00409,
6/20/2017,29.440001,5691900,0.151,-0.0144,-0.0059,0.00412,
6/21/2017,29.700001,7815300,0.151,-0.009,-0.0069,0.00412,
6/22/2017,29.299999,6380500,0.151,-0.0092,-0.002,0.00412,
6/23/2017,28.969999,7561500,0.151,-0.0008,-0.0033,0.00411,
6/26/2017,29.68,7016700,0.151,0.00858,0.00949,0.00411,
6/27/2017,29.440001,6395700,0.151,0.00491,0.00759,0.00414,
6/28/2017,29.799999,10205800,0.151,0.02201,0.01326,0.00411,
6/29/2017,29.549999,10081600,0.151,0.02669,-0.006,0.00414,
6/30/2017,29.82,4782900,0.151,-0.0066,0.01106,0.00414,
7/3/2017,30.059999,2315300,0.151,0.00668,0.00129,0.00413,
7/5/2017,29.780001,4380600,0.151,0,-0.0122,0.00412,
7/6/2017,29.379999,4040200,0.151,-0.0039,-0.005,0.00416,
7/7/2017,29.700001,3595800,0.151,0.00324,0.00278,0.00413,
7/10/2017,29.129999,5717600,0.151,-0.0027,-0.0044,0.00413,
7/11/2017,29.1,7745400,0.151,-0.0099,-0.0056,0.00413,
7/12/2017,29.33,3924900,0.151,0.00236,0.00625,0.0041,
7/13/2017,29.360001,4742300,0.151,0.00779,0.00458,0.00409,
7/14/2017,29.48,4252700,0.151,-0.011,-0.0026,0.00407,
7/17/2017,29.65,3948400,0.151,-0.0051,-0.0031,0.00407,
7/18/2017,29.33,4653400,0.151,0.00165,-0.0005,0.00407,
7/19/2017,29.51,5228500,0.151,0.00255,0.00164,0.00405,
7/20/2017,29.530001,5707000,0.151,-0.0011,0.00376,0.00405,
7/21/2017,30.870001,11172300,0.151,-0.0129,0.0189,0.00405,
7/24/2017,30.74,5999800,0.151,0.00185,0,0.00405,
7/25/2017,30.889999,5911600,0.151,0.01456,0.02015,0.00404,
7/26/2017,30.57,6270400,0.151,-0.0027,-0.0103,0.00404,
7/27/2017,30.34,6599700,0.151,-0.0036,-0.0426,0.00405,
7/28/2017,29.940001,8419200,0.151,-0.0258,-0.003,0.00405,
7/31/2017,30.32,12946000,0.151,0.01201,0.01128,0.00405,
8/1/2017,29.879999,8219200,0.151,0.0026,-0.0054,0.00404,
8/2/2017,30.059999,6297900,0.151,-0.0085,0.0028,0.00404,
8/3/2017,29.91,6989300,0.151,-0.0041,-0.0053,0.00405,
8/4/2017,29.870001,7284100,0.151,-0.0105,0.00959,0.00404,
8/7/2017,30.4,5164200,0.151,-0.0057,0.00573,0.00403,
8/8/2017,30.719999,8043200,0.151,0.00324,0.00928,0.00404,
8/9/2017,30.25,5204200,0.151,0.00152,-0.0113,0.00404,
8/10/2017,29.32,9816200,0.151,-0.0159,-0.0189,0.0041,
8/11/2017,29.200001,6668000,0.151,-0.0002,-0.0077,0.0041,
8/14/2017,29.639999,5917600,0.151,0.01733,0.01442,0.00406,
8/15/2017,30.99,13489300,0.151,0.00019,0.02264,0.00406,
8/16/2017,30.870001,7408500,0.151,-0.003,-0.0026,0.00405,
8/17/2017,30.1,7398500,0.151,-0.0169,-0.0293,0.00411,
8/18/2017,30.07,5534200,0.151,-0.0023,-0.0078,0.00412,
8/21/2017,30.26,4640200,0.151,0.00271,-0.0027,0.00412,
8/22/2017,30.34,6259800,0.151,0.00772,0.00388,0.00407,
8/23/2017,30.309999,4292300,0.151,-0.0036,-0.0032,0.00409,
8/24/2017,30.459999,3220900,0.151,0.0025,0.0027,0.0041,
8/25/2017,30.540001,2908000,0.151,-0.0075,0.0037,0.00409,
8/28/2017,30.290001,3713400,0.151,-0.0027,-0.0099,0.00409,
8/29/2017,30.120001,5722700,0.151,-0.0041,-0.011,0.00408,
8/30/2017,30.66,5629800,0.151,-0.0012,0.0089,0.00406,
8/31/2017,30.790001,5132600,0.151,-0.0056,-0.0003,0.00404,
9/1/2017,30.92,3076500,0.151,-0.002,0.01086,0.00403,
9/5/2017,29.870001,6260200,0.151,-0.0171,-0.0193,0.00406,
9/6/2017,29.959999,5911900,0.151,-0.0044,0.00719,0.00405,
9/7/2017,29.059999,5625200,0.151,-0.004,-0.0131,0.00405,
9/8/2017,28.549999,8560000,0.151,-0.002,-0.0074,0.00406,
9/11/2017,29.15,6050400,0.151,0.02178,0.00919,0.00401,
9/12/2017,29.190001,5179800,0.151,0.01796,-0.0034,0.004,
9/13/2017,29.32,7166700,0.151,-0.0021,0.02242,0.004,
9/14/2017,28.700001,7550300,0.151,-0.0033,-0.0108,0.004,
9/15/2017,29.02,11003600,0.151,0.00721,0.0133,0.00401,
9/18/2017,29.26,5682900,0.151,0.02033,0.0138,0.004,
9/19/2017,29.09,5754300,0.151,0.01233,0.00398,0.004,
9/20/2017,29,6347400,0.151,0.00731,-0.0025,0.004,
9/21/2017,28.889999,5281800,0.151,0.00577,0.00265,0.00401,
9/22/2017,29.469999,6320700,0.151,0.00351,0.01504,0.00401,
9/25/2017,29.559999,6827300,0.151,-0.0041,0.00814,0.00402,
9/26/2017,29.940001,3918600,0.151,-0.0043,0.0126,0.00401,
9/27/2017,30.940001,11194700,0.151,0.00762,0.02185,0.004,
9/28/2017,31.190001,7666600,0.151,0.00074,0.00468,0.00399,
9/29/2017,31.049999,5255600,0.151,0.01659,0.00186,0.00398,
10/2/2017,31.48,4478600,0.151,0.0058,0.01055,0.00396,
10/3/2017,31.719999,5916600,0.151,0.00198,0.0089,0.00395,
10/4/2017,31.309999,4750400,0.151,-0.0112,-0.0038,0.00395,
10/5/2017,31.66,4838900,0.151,0.00782,0.00733,0.00393,
10/6/2017,31.309999,4695000,0.151,0.00343,-0.0033,0.00393,
10/9/2017,31.440001,2616800,0.151,-0.0079,-0.0056,0.00394,
10/10/2017,31.75,4867300,0.151,0.00852,-0.0006,0.00393,
10/11/2017,31.42,3444200,0.151,0.0009,-0.0077,0.00392,
10/12/2017,30.639999,6771800,0.151,-0.0081,-0.0159,0.00393,
10/13/2017,30.82,7889900,0.151,-0.0275,0.0011,0.00392,
10/16/2017,31.5,10557400,0.151,0.00205,0.02301,0.00392,
10/17/2017,30.98,4723600,0.151,-0.0113,-0.0106,0.00391,
10/18/2017,31.51,6903800,0.151,0.00414,0.01129,0.00391,
10/19/2017,31.709999,7787700,0.151,0.00637,0.00413,0.00391,
10/20/2017,33.040001,15400900,0.151,0.02177,0.01386,0.00389,
10/23/2017,32.68,6188200,0.151,-0.0002,0.00406,0.0039,
10/24/2017,32.650002,4908900,0.151,0.00929,0.00823,0.0039,
10/25/2017,32.380001,8934100,0.151,-0.0031,-0.0332,0.00392,
10/26/2017,32.869999,5219800,0.151,0.0067,0.02364,0.00391,
10/27/2017,32.939999,4059300,0.151,0.00449,0.00135,0.00388,
10/30/2017,32.599998,3998100,0.151,-0.0004,-0.004,0.00389,
10/31/2017,32.619999,4589300,0.151,0.00519,0.0003,0.00389,
11/1/2017,32.830002,2934100,0.151,0.00125,0.00556,0.00388,
11/2/2017,33.220001,6214600,0.151,0.0048,0.00045,0.00388,
11/3/2017,33.110001,4242500,0.151,-0.0023,0.00762,0.00387,
11/6/2017,32.77,4144800,0.151,-0.003,-0.0062,0.00386,
11/7/2017,32.360001,4561500,0.151,-0.0201,-0.0087,0.00387,
11/8/2017,32.07,4130100,0.151,-0.0144,-0.0053,0.00386,
11/9/2017,32.09,4140300,0.151,-0.0048,-0.0094,0.00387,
11/10/2017,32.07,2669700,0.151,-0.0035,-0.0108,0.00387,
11/13/2017,32.59,5185300,0.151,-0.0017,0.00371,0.00387,
11/14/2017,32.560001,3936400,0.151,0.00596,-0.0122,0.00388,
11/15/2017,32.529999,6556700,0.151,-0.0054,0.01651,0.0039,
11/16/2017,33.380001,11362700,0.151,0.01581,-0.0069,0.00387,
11/17/2017,33.860001,8665800,0.151,-0.0082,0.0037,0.00388,
11/20/2017,33.860001,8232800,0.151,-0.0018,0.01168,0.00387,
11/21/2017,33.77,6838200,0.151,0.0087,-0.0027,0.00385,
11/22/2017,33.669998,4177300,0.151,-0.0084,-0.0021,0.00385,
11/24/2017,33.490002,2372300,0.151,0.00055,-0.0015,0.00384,
11/27/2017,33.209999,6196300,0.151,-0.0026,-0.0009,0.00384,
11/28/2017,34.490002,8612100,0.151,0.03003,0.03505,0.0038,
11/29/2017,35.349998,11568600,0.151,0.01997,0.02041,0.00381,
11/30/2017,35.889999,12016600,0.151,-0.0037,0.02304,0.00377,
12/1/2017,35.939999,7336500,0.151,-0.0048,0.00737,0.00378,
12/4/2017,37.450001,14112000,0.151,0.02117,0.03262,0.00379,
12/5/2017,37.310001,8227500,0.151,0.02021,-0.0035,0.0038,
12/6/2017,37.389999,5706000,0.151,0.00034,-0.0033,0.0038,
12/7/2017,37.34,8103400,0.151,0.01349,0.00699,0.00379,
12/8/2017,37.5,7833900,0.151,-0.0008,0.00477,0.00377,
12/11/2017,37.59,5916800,0.151,-0.0074,0.00745,0.00376,
12/12/2017,37.360001,7197800,0.151,0.0248,0.00995,0.00375,
12/13/2017,36.639999,8078700,0.151,-0.0154,-0.0169,0.00375,
12/14/2017,36.990002,5601700,0.151,-0.003,-0.002,0.00376,
12/15/2017,37.189999,8883500,0.151,0.01098,0.01249,0.00375,
12/18/2017,38.509998,8723500,0.151,0.01754,0.01837,0.00373,
12/19/2017,38.18,7137000,0.151,-0.0092,-0.0001,0.00374,
12/20/2017,37.959999,3489700,0.151,-0.0036,-0.0028,0.00374,
12/21/2017,38.599998,4162700,0.151,0.02444,0.00396,0.00374,
12/22/2017,38.77,4260000,0.151,-0.001,0.01433,0.00374,
12/26/2017,38.709999,3130500,0.151,-0.0068,0.00169,0.00374,
12/27/2017,38.599998,2607200,0.151,-0.0029,-0.0039,0.00374,
12/28/2017,38.970001,3472700,0.151,0.00574,0.00702,0.00373,
12/29/2017,38.610001,3506500,0.151,-0.0103,-0.0075,0.00375,
1/2/2018,38.860001,3326900,0.139,0.00692,-0.0001,0.00372,
1/3/2018,39.119999,4327300,0.139,0.00769,0.00741,0.0037,
1/4/2018,39.400002,3645900,0.139,0.01251,0.00994,0.00368,
1/5/2018,39.740002,4686500,0.139,0.00674,-0.0012,0.00366,
1/8/2018,39.259998,4959600,0.139,-0.0113,-0.0075,0.00365,
1/9/2018,39.439999,6594300,0.139,0.00355,0.00864,0.00364,
1/10/2018,39.66,7627100,0.139,0.01381,0.01572,0.00365,
1/11/2018,39.759998,6144200,0.139,-0.0017,0.0112,0.00362,
1/12/2018,39.369999,8532100,0.139,-0.0073,0.00187,0.0036,
1/16/2018,37.93,12961200,0.139,-0.0008,-0.0195,0.00361,
1/17/2018,38.060001,10728700,0.139,0.02208,-0.0001,0.00358,
1/18/2018,37.299999,13731000,0.139,0.0011,-0.009,0.00358,
1/19/2018,38.470001,11775700,0.139,0.00422,0.00128,0.00357,
1/22/2018,39.52,15163700,0.139,0.00794,0.00702,0.00354,
1/23/2018,39.779999,8378400,0.139,-0.0037,-0.0019,0.00353,
1/24/2018,39.740002,7679400,0.139,0.01535,0.00025,0.00353,
1/25/2018,39.580002,7034600,0.139,0.0026,0.01981,0.00353,
1/26/2018,40.209999,5504700,0.139,0.00427,0.00847,0.00349,
1/29/2018,40.16,5791900,0.139,-0.0017,0.00408,0.00351,
1/30/2018,39.630001,5453700,0.139,-0.0082,-0.0196,0.00355,
1/31/2018,39.68,6981700,0.139,0.00766,0.001,0.00355,
2/1/2018,39.66,5474400,0.139,-0.0041,0.01028,0.00355,
2/2/2018,38.68,6192000,0.139,-0.022,-0.0205,0.00363,
2/5/2018,36.880001,10395400,0.139,-0.0922,-0.0518,0.00379,
2/6/2018,37.669998,9275000,0.139,-0.0151,0.01683,0.00372,
2/7/2018,37.5,8031500,0.139,0.00454,0.00644,0.00374,
2/8/2018,34.98,9244100,0.139,-0.0372,-0.0552,0.00388,
2/9/2018,35.029999,11802200,0.139,0.01318,0.02362,0.00382,
2/12/2018,36.240002,7027400,0.139,0.00659,0.02483,0.00377,
2/13/2018,36.009998,4509900,0.139,0.02655,0.00724,0.00376,
2/14/2018,36.700001,6964800,0.139,0.02672,0.01451,0.00371,
2/15/2018,36.84,5219300,0.139,0.00789,0.01237,0.00366,
2/16/2018,36.73,4413100,0.139,-0.0012,0.01222,0.00366,
2/20/2018,36.560001,4235100,0.139,0,0.00126,0.00368,
2/21/2018,36.57,4423200,0.139,-0.0037,-0.0131,0.0037,
2/22/2018,36.330002,7871200,0.139,-0.0154,-0.0107,0.0037,
2/23/2018,37.150002,3101300,0.139,0.00612,0.02148,0.00364,
2/26/2018,37.389999,5200300,0.139,0.01352,0.01272,0.0036,
2/27/2018,36.810001,6428400,0.139,-0.0127,-0.0108,0.00364,
2/28/2018,36.389999,4691300,0.139,-0.0135,-0.0092,0.00368,
3/1/2018,35.849998,7483000,0.139,-0.0188,-0.0459,0.00374,
3/2/2018,35.93,5433800,0.139,0.00174,0.00838,0.00372,
3/5/2018,36.23,6491300,0.139,0.00314,0.01622,0.00367,
3/6/2018,36.200001,4312700,0.139,-0.009,-0.0034,0.00366,
3/7/2018,36.299999,4320800,0.139,-0.0082,-0.0023,0.00367,
3/8/2018,36.84,4141600,0.139,0.00212,0.00613,0.00365,
3/9/2018,37.279999,5151300,0.139,0.02662,0.01712,0.00359,
3/12/2018,36.98,3977600,0.139,-0.0036,-0.0034,0.00359,
3/13/2018,36.68,5419700,0.139,-0.0079,-0.0105,0.00361,
3/14/2018,36.099998,4231800,0.139,-0.0162,-0.0113,0.00363,
3/15/2018,34.669998,11288300,0.139,0.00353,-0.0143,0.00364,
3/16/2018,35.200001,13767800,0.139,-0.0164,0.01552,0.00365,
3/19/2018,35.259998,7071400,0.139,-0.0075,-0.0065,0.0037,
3/20/2018,35.400002,4799800,0.139,-0.0105,-0.0089,0.00369,
3/21/2018,35.299999,4325100,0.139,-0.002,-0.0066,0.0037,
3/22/2018,33.73,5728000,0.139,-0.0412,-0.0397,0.00379,
3/23/2018,32.509998,7830300,0.139,-0.0295,-0.0253,0.00388,
3/26/2018,33.299999,8755000,0.139,0.0257,0.02455,0.00377,
3/27/2018,32.669998,5625000,0.139,-0.0228,-0.0217,0.00384,
3/28/2018,33.110001,8187000,0.139,0.00744,0.00071,0.00385,
3/29/2018,33.529999,5954100,0.139,0.01807,0.02348,0.0038,
4/2/2018,32.66,6253000,0.139,-0.0202,-0.0327,0.00388,
4/3/2018,33.43,5184700,0.139,0.01422,0.01466,0.00383,
4/4/2018,33.91,4956100,0.139,0.01594,0.01544,0.00379,
4/5/2018,34.799999,8173200,0.139,0.00661,0.00614,0.00376,
4/6/2018,33.810001,4349800,0.139,-0.0193,-0.0248,0.00385,
4/9/2018,33.860001,3661700,0.139,0.00038,0.00469,0.00383,
4/10/2018,34.459999,4297800,0.139,0.00708,0.0174,0.00377,
4/11/2018,34.240002,4217400,0.139,-0.0131,-0.0139,0.00379,
4/12/2018,34.830002,4300900,0.139,0.01483,0.01001,0.00376,
4/13/2018,34.07,5729200,0.139,-0.0343,-0.0149,0.00377,
4/16/2018,34.470001,4857000,0.139,-0.0018,0.01446,0.00374,
4/17/2018,34.57,5485300,0.139,-0.0045,0.00503,0.0037,
4/18/2018,34.889999,3345900,0.139,-0.0036,0.00236,0.0037,
4/19/2018,35.349998,5196800,0.139,0.02282,0.01665,0.00372,
4/20/2018,35.200001,10287100,0.139,0.01979,0.00041,0.00375,
4/23/2018,34.73,5856200,0.139,0.00095,-0.0001,0.00375,
4/24/2018,34.349998,7072200,0.139,-0.0019,-0.0056,0.0038,
4/25/2018,33.290001,9411300,0.139,0.01143,-0.0143,0.00379,
4/26/2018,33.299999,5990800,0.139,-0.0126,0.0071,0.00376,
4/27/2018,33.110001,4503500,0.139,-0.0015,-0.0159,0.00375,
4/30/2018,33.169998,3980100,0.139,-0.0076,0.00042,0.00378,
5/1/2018,33.080002,4804500,0.139,0.01155,-0.0102,0.00377,
5/2/2018,32.93,6386000,0.139,-0.007,-0.0003,0.0038,
5/3/2018,32.130001,5763400,0.139,-0.0125,-0.0128,0.00381,
5/4/2018,32.630001,4741000,0.139,0.01688,0.01825,0.00376,
5/7/2018,32.720001,4973400,0.139,0.00477,0.01369,0.00375,
5/8/2018,33.080002,6296800,0.139,0.01006,0.01434,0.00375,
5/9/2018,33.73,3983000,0.139,0.01072,0.01715,0.00371,
5/10/2018,33.900002,3155200,0.139,0.01656,0.01025,0.00368,
5/11/2018,34.110001,3282700,0.139,-0.0037,0.00654,0.00367,
5/14/2018,33.939999,2471700,0.139,0.00055,0.00106,0.00366,
5/15/2018,34.209999,3675800,0.139,0.00496,0.0114,0.00369,
5/16/2018,34.59,3065900,0.139,0.0053,0.01468,0.00367,
5/17/2018,34.93,3690600,0.139,-0.0149,0.00517,0.00368,
5/18/2018,35.439999,7236700,0.139,-0.0096,-0.0077,0.00369,
5/21/2018,35.720001,5835600,0.139,0.01564,0.00777,0.00366,
5/22/2018,36.110001,4909800,0.139,0.0132,0.00501,0.00367,
5/23/2018,36.119999,4999500,0.139,0.01665,-0.0141,0.00366,
5/24/2018,35.900002,5140900,0.139,-0.0269,-0.0026,0.00367,
5/25/2018,35.610001,3982500,0.139,0.00421,-0.012,0.00367,
5/29/2018,34.470001,6116300,0.139,-0.0355,-0.042,0.00372,
5/30/2018,35.02,4759900,0.139,0.02417,0.01607,0.00367,
5/31/2018,34.630001,5582900,0.139,-0.0044,-0.0016,0.00369,
6/1/2018,35.040001,2911500,0.139,0.01297,0.00203,0.00365,
6/4/2018,35.450001,1941800,0.139,0.00256,0.01284,0.00364,
6/5/2018,35,4116300,0.139,-0.006,-0.0064,0.00364,
6/6/2018,35.580002,4222100,0.139,0.01982,0.01276,0.0036,
6/7/2018,35.549999,4058100,0.139,0.0009,0.00146,0.00361,
6/8/2018,35.450001,4143000,0.139,0.0009,-0.0021,0.00359,
6/11/2018,35.259998,3265800,0.139,-0.0031,-0.0015,0.00359,
6/12/2018,35.299999,2538800,0.139,-0.0023,0.00053,0.00359,
6/13/2018,34.939999,3281500,0.139,-0.004,-0.0062,0.0036,
6/14/2018,35.259998,3391200,0.139,-0.0076,0.00481,0.00359,
6/15/2018,35.220001,5265100,0.139,0.00438,-0.0084,0.00361,
6/18/2018,35,4159100,0.139,0.00182,0.00027,0.00362,
6/19/2018,34.810001,3130100,0.139,0,-0.0087,0.00363,
6/20/2018,34.509998,3426700,0.139,-0.0109,-0.0077,0.00362,
6/21/2018,34.220001,4518100,0.139,-0.002,-0.0046,0.00365,
6/22/2018,34.130001,6212000,0.139,-0.0079,0.00534,0.00364,
6/25/2018,33.82,4580100,0.139,0.00037,-0.0154,0.00369,
6/26/2018,33.470001,4161200,0.139,-0.0098,-0.0124,0.00368,
6/27/2018,33,3674300,0.139,-0.0028,-0.0181,0.00371,
6/28/2018,33.009998,4453600,0.139,0.00657,0.00086,0.00369,
6/29/2018,33.380001,5812300,0.139,0.03375,0.00356,0.00369,
7/2/2018,33.84,4422100,0.139,0.01587,0.01051,0.00368,
7/3/2018,33.5,2785600,0.139,-0.0135,-0.0086,0.00369,
7/5/2018,33.599998,5194500,0.139,-0.0058,0.00057,0.00366,
7/6/2018,33.700001,5520600,0.139,0.01177,-0.002,0.00363,
7/9/2018,34.860001,3611200,0.139,0.01575,0.02243,0.0036,
7/10/2018,34.849998,3255000,0.139,-0.0026,-0.0061,0.00359,
7/11/2018,34.799999,3761300,0.139,-0.0097,-0.0047,0.00361,
7/12/2018,32.959999,15117300,0.139,-0.0007,-0.0036,0.00358,
7/13/2018,32.439999,9880000,0.139,-0.012,-0.0154,0.00358,
7/16/2018,32.560001,5489900,0.139,0.02944,0.00959,0.00358,
7/17/2018,32.82,4316600,0.139,-0.0075,0.00765,0.00357,
7/18/2018,33.41,5236900,0.139,0.00018,0.01392,0.00356,
7/19/2018,33.240002,5496400,0.139,-0.0042,-0.008,0.00357,
7/20/2018,32.810001,6293500,0.139,0.00142,0.00769,0.00358,
7/23/2018,33.509998,4444100,0.139,0.02819,0.01485,0.00357,
7/24/2018,33.82,4282600,0.139,0.00603,-0.0003,0.00355,
7/25/2018,33.439999,5476800,0.139,-0.0021,-0.0051,0.00352,
7/26/2018,30,23930600,0.139,0.00137,-0.011,0.00353,
7/27/2018,29.92,15589200,0.139,0.00549,0.01696,0.00355,
7/30/2018,29.51,18396300,0.139,-0.0024,-0.0172,0.00357,
7/31/2018,28.940001,11257600,0.139,-0.0205,-0.0068,0.00355,
8/1/2018,29.200001,13528400,0.139,0.00628,0.0014,0.00356,
8/2/2018,29.690001,9421300,0.139,0.0111,0.00475,0.00354,
8/3/2018,29.85,6015200,0.139,0.00926,0.02074,0.00353,
8/6/2018,29.65,5713300,0.139,0.00102,-0.0027,0.00351,
8/7/2018,30.09,6388700,0.139,-0.0012,0.0227,0.0035,
8/8/2018,30.049999,5483000,0.139,0.00629,0.00936,0.0035,
8/9/2018,29.98,4755500,0.139,-0.0127,0.00225,0.00351,
8/10/2018,29.41,5212900,0.139,-0.0067,-0.0152,0.00353,
8/13/2018,29.190001,4758400,0.139,-0.0076,-0.0025,0.00354,
8/14/2018,30.01,7830900,0.139,0.00798,0.01857,0.00352,
8/15/2018,29.860001,9945900,0.139,-0.0014,-0.0041,0.00355,
8/16/2018,30.43,6904000,0.139,0.01155,0.0252,0.00352,
8/17/2018,30.370001,4815700,0.139,0.00341,0.00802,0.00351,
8/20/2018,31.07,6580700,0.139,0.00289,0.0077,0.0035,
8/21/2018,31.17,4878900,0.139,-0.0012,0.00917,0.00349,
8/22/2018,31.700001,6563700,0.139,0.00356,-0.0045,0.00349,
8/23/2018,31.27,4084700,0.139,-0.0093,-0.0123,0.0035,
8/24/2018,31.360001,2475900,0.139,0.00119,0.00462,0.00348,
8/27/2018,31.83,5081900,0.139,0.00699,0.01009,0.00345,
8/28/2018,31.82,2674900,0.139,-0.0005,-0.0071,0.00345,
8/29/2018,31.68,3369800,0.139,-0.0019,0.00025,0.00343,
8/30/2018,31.610001,2672600,0.139,-0.0085,-0.0085,0.00344,
8/31/2018,31.67,3605800,0.139,0.00034,0.00347,0.00344,
9/4/2018,31.879999,5077500,0.139,0.00547,0.00589,0.00345,
9/5/2018,32.009998,6134900,0.139,0.00255,-0.0006,0.00346,
9/6/2018,31.799999,4590400,0.139,-0.0173,-0.0102,0.00347,
9/7/2018,31.73,4745400,0.139,-0.0091,-0.0035,0.00348,
9/10/2018,32.18,4905100,0.139,0.00105,0.00865,0.00347,
9/11/2018,32.439999,4370700,0.139,-0.0014,0.0096,0.00346,
9/12/2018,32.290001,3446700,0.139,-0.0251,-0.0166,0.00346,
9/13/2018,32.209999,3420400,0.139,-0.0168,-0.0061,0.00344,
9/14/2018,32.59,3319800,0.139,-0.0049,0.0096,0.00344,
9/17/2018,32.5,4169600,0.139,-0.0077,-0.0036,0.00346,
9/18/2018,32.98,4141700,0.139,0.0035,0.00941,0.00344,
9/19/2018,33.389999,4294100,0.139,0.01321,0.006,0.00343,
9/20/2018,33.599998,4837100,0.139,0.00598,0.00749,0.00341,
9/21/2018,33.470001,9928400,0.139,-0.0101,0.00807,0.00342,
9/24/2018,33.040001,3547600,0.139,-0.0133,-0.0146,0.00344,
9/25/2018,32.98,3546400,0.139,-0.0006,-0.0028,0.00344,
9/26/2018,31.91,4663100,0.139,-0.0197,-0.0148,0.00345,
9/27/2018,31.57,3876900,0.139,-0.0064,-0.0044,0.00344,
9/28/2018,31.08,4931200,0.139,-0.0049,-0.0084,0.00344,
10/1/2018,31.48,5078100,0.139,-0.0059,0.00366,0.00343,
10/2/2018,31.34,4768400,0.139,-0.0023,0.00782,0.00343,
10/3/2018,31.780001,3856300,0.139,0.00998,0.00879,0.00343,
10/4/2018,31.5,3488500,0.139,0.01633,-0.0035,0.00345,
10/5/2018,31.309999,2606400,0.139,-0.006,-0.0118,0.00347,
10/8/2018,31.33,4522100,0.139,0.00902,0.00234,0.00347,
10/9/2018,31.15,3740800,0.139,-0.0026,-0.0053,0.00348,
10/10/2018,30.52,5350500,0.139,-0.0205,-0.014,0.00359,
10/11/2018,29.73,7268900,0.139,-0.0189,-0.0177,0.00367,
10/12/2018,29.84,5228400,0.139,0.01302,0.00485,0.00362,
10/15/2018,29.73,3478900,0.139,0.02168,-0.0071,0.00364,
10/16/2018,30.190001,2990200,0.139,0.0092,0.02148,0.00357,
10/17/2018,30.07,3659000,0.139,0.01359,0.00384,0.00357,
10/18/2018,29.639999,5787400,0.139,-0.025,-0.0125,0.00362,
10/19/2018,31.360001,10238100,0.139,-0.004,0.01454,0.00362,
10/22/2018,29.469999,8823500,0.139,-0.0234,-0.0225,0.00364,
10/23/2018,29.58,7275300,0.139,-0.0017,-0.0042,0.00365,
10/24/2018,28.559999,6664700,0.139,-0.0266,-0.0224,0.00377,
10/25/2018,28.83,6267800,0.139,0.03327,0.01202,0.0037,
10/26/2018,27.98,7973900,0.139,-0.0118,-0.0792,0.00377,
10/29/2018,28.01,5437800,0.139,0.01912,0.00742,0.00379,
10/30/2018,28.74,5082000,0.139,0.00881,0.01855,0.00373,
10/31/2018,28.879999,4850000,0.139,0.01025,0.00708,0.0037,
11/1/2018,29.440001,4171400,0.139,0.0062,0.00632,0.00366,
11/2/2018,26.43,18857700,0.139,0.00093,-0.0195,0.00368,
11/5/2018,26.719999,5859200,0.139,0.00093,0.0064,0.00366,
11/6/2018,26.870001,8879100,0.139,-0.002,0.00564,0.00363,
11/7/2018,27.35,7951600,0.139,0.00056,0.01682,0.00356,
11/8/2018,27.48,5427000,0.139,-0.0078,0.00664,0.00357,
11/9/2018,27.620001,5696400,0.139,-0.0023,-0.0091,0.0036,
11/12/2018,27.209999,3471100,0.139,-0.013,-0.0173,0.00367,
11/13/2018,27.65,5121000,0.139,0.00745,0.00865,0.00368,
11/14/2018,26.92,5806300,0.139,-0.0112,-0.0107,0.0037,
11/15/2018,26.51,9776700,0.139,0.01285,0.02211,0.00366,
11/16/2018,25.91,9307200,0.139,0.00227,0,0.00365,
11/19/2018,25.530001,6260500,0.139,0.00718,-0.0105,0.00372,
11/20/2018,25.32,5961500,0.139,-0.0146,-0.0249,0.00379,
11/21/2018,25.66,4226000,0.139,-0.0021,0.00835,0.00377,
11/23/2018,25.559999,2146000,0.139,-0.0114,-0.0044,0.0038,
11/26/2018,25.950001,5728500,0.139,0.02026,0.03124,0.00374,
11/27/2018,26.08,5870600,0.139,0.00586,0.0034,0.00373,
11/28/2018,26.42,4510200,0.139,0.02181,0.01636,0.00364,
11/29/2018,25.969999,4391400,0.139,-0.0057,-0.0115,0.00365,
11/30/2018,25.98,5840700,0.139,0.00444,0.00112,0.00363,
12/3/2018,25.809999,5591100,0.139,-0.0007,0.00547,0.00358,
12/4/2018,24.9,9313300,0.139,-0.0454,-0.0741,0.0037,
12/6/2018,25.139999,8381500,0.139,-0.0133,0.00166,0.00371,
12/7/2018,25.360001,9078500,0.139,-0.0162,-0.0248,0.00379,
12/10/2018,24.959999,9531100,0.139,-0.029,-0.0015,0.00379,
12/11/2018,24.4,6769300,0.139,-0.0213,-0.0165,0.00379,
12/12/2018,24.549999,7580600,0.139,-0.0004,0.00754,0.00377,
12/13/2018,24.18,8418000,0.139,-0.0149,-0.0139,0.00377,
12/14/2018,24.1,9651300,0.139,-0.0104,-0.0228,0.00384,
12/17/2018,23.49,10344500,0.139,0.0015,-0.0311,0.00392,
12/18/2018,23.530001,10224900,0.139,-0.0019,-0.0063,0.00392,
12/19/2018,23.200001,7631800,0.139,-0.0183,-0.0188,0.00398,
12/20/2018,22.99,7602600,0.139,0.0081,-0.007,0.00405,
12/21/2018,22.5,12513100,0.139,-0.02,-0.0274,0.00415,
12/24/2018,22.17,4457600,0.139,-0.0337,-0.0232,0.00427,
12/26/2018,23.139999,5392900,0.139,0.04564,0.05518,0.00406,
12/27/2018,23.42,6030100,0.139,-0.0013,0.01273,0.00403,
12/28/2018,23.5,5934400,0.139,0.00549,-0.0095,0.00404,
12/31/2018,23.459999,7749800,0.139,,,,
